DATE,BAMLH0A0HYM2
12/31/1996,3.13
1/2/1997,3.06
1/3/1997,3.09
1/6/1997,3.1
1/7/1997,3.1
1/8/1997,3.07
1/9/1997,3.13
1/10/1997,3.16
1/13/1997,3.04
1/14/1997,3.09
1/15/1997,3.07
1/16/1997,3.02
1/17/1997,3.04
1/20/1997,3.03
1/21/1997,3.05
1/22/1997,2.99
1/23/1997,2.97
1/24/1997,2.94
1/27/1997,2.9
1/28/1997,2.92
1/29/1997,2.94
1/30/1997,2.97
1/31/1997,3.04
2/3/1997,3.08
2/4/1997,3.08
2/5/1997,3.05
2/6/1997,3.03
2/7/1997,3.06
2/10/1997,3.04
2/11/1997,3.03
2/12/1997,3.01
2/13/1997,3.04
2/14/1997,3.05
2/18/1997,3.01
2/19/1997,2.98
2/20/1997,2.89
2/21/1997,2.89
2/24/1997,2.85
2/25/1997,2.83
2/26/1997,2.71
2/27/1997,2.71
2/28/1997,2.73
3/3/1997,2.71
3/4/1997,2.67
3/5/1997,2.71
3/6/1997,2.7
3/7/1997,2.74
3/10/1997,2.74
3/11/1997,2.72
3/12/1997,2.69
3/13/1997,2.62
3/14/1997,2.66
3/17/1997,2.66
3/18/1997,2.67
3/19/1997,2.67
3/20/1997,2.68
3/21/1997,2.69
3/24/1997,2.71
3/25/1997,2.69
3/26/1997,2.71
3/27/1997,2.67
3/31/1997,2.84
4/1/1997,2.9
4/2/1997,2.94
4/3/1997,2.95
4/4/1997,2.92
4/7/1997,2.95
4/8/1997,2.93
4/9/1997,2.91
4/10/1997,2.92
4/11/1997,2.87
4/14/1997,2.88
4/15/1997,2.93
4/16/1997,2.91
4/17/1997,2.92
4/18/1997,2.91
4/21/1997,2.87
4/22/1997,2.89
4/23/1997,2.83
4/24/1997,2.78
4/25/1997,2.78
4/28/1997,2.81
4/29/1997,2.91
4/30/1997,2.94
5/1/1997,2.91
5/2/1997,2.9
5/5/1997,2.86
5/6/1997,2.83
5/7/1997,2.79
5/8/1997,2.79
5/9/1997,2.81
5/12/1997,2.82
5/13/1997,2.73
5/14/1997,2.69
5/15/1997,2.7
5/16/1997,2.68
5/19/1997,2.67
5/20/1997,2.69
5/21/1997,2.67
5/22/1997,2.63
5/23/1997,2.64
5/27/1997,2.6
5/28/1997,2.61
5/29/1997,2.61
5/30/1997,2.65
5/31/1997,2.68
6/2/1997,2.66
6/3/1997,2.68
6/4/1997,2.65
6/5/1997,2.6
6/6/1997,2.7
6/9/1997,2.59
6/10/1997,2.56
6/11/1997,2.55
6/12/1997,2.59
6/13/1997,2.62
6/16/1997,2.6
6/17/1997,2.58
6/18/1997,2.62
6/19/1997,2.61
6/20/1997,2.64
6/23/1997,2.61
6/24/1997,2.6
6/25/1997,2.59
6/26/1997,2.61
6/27/1997,2.63
6/30/1997,2.67
7/1/1997,2.7
7/2/1997,2.71
7/3/1997,2.79
7/7/1997,2.82
7/8/1997,2.8
7/9/1997,2.8
7/10/1997,2.78
7/11/1997,2.76
7/14/1997,2.71
7/15/1997,2.69
7/16/1997,2.71
7/17/1997,2.7
7/18/1997,2.67
7/21/1997,2.66
7/22/1997,2.72
7/23/1997,2.69
7/24/1997,2.69
7/25/1997,2.66
7/28/1997,2.68
7/29/1997,2.7
7/30/1997,2.73
7/31/1997,2.71
8/1/1997,2.57
8/4/1997,2.55
8/5/1997,2.55
8/6/1997,2.56
8/7/1997,2.52
8/8/1997,2.49
8/11/1997,2.5
8/12/1997,2.51
8/13/1997,2.53
8/14/1997,2.54
8/15/1997,2.56
8/18/1997,2.61
8/19/1997,2.6
8/20/1997,2.58
8/21/1997,2.55
8/22/1997,2.52
8/25/1997,2.5
8/26/1997,2.51
8/27/1997,2.51
8/28/1997,2.57
8/29/1997,2.54
8/31/1997,2.59
9/2/1997,2.62
9/3/1997,2.6
9/4/1997,2.61
9/5/1997,2.6
9/8/1997,2.6
9/9/1997,2.59
9/10/1997,2.55
9/11/1997,2.55
9/12/1997,2.62
9/15/1997,2.61
9/16/1997,2.69
9/17/1997,2.65
9/18/1997,2.59
9/19/1997,2.59
9/22/1997,2.59
9/23/1997,2.57
9/24/1997,2.61
9/25/1997,2.54
9/26/1997,2.57
9/29/1997,2.55
9/30/1997,2.59
10/1/1997,2.63
10/2/1997,2.63
10/3/1997,2.61
10/6/1997,2.63
10/7/1997,2.62
10/8/1997,2.49
10/9/1997,2.51
10/10/1997,2.51
10/13/1997,2.54
10/14/1997,2.51
10/15/1997,2.48
10/16/1997,2.47
10/17/1997,2.44
10/20/1997,2.45
10/21/1997,2.45
10/22/1997,2.46
10/23/1997,2.55
10/24/1997,2.58
10/27/1997,2.84
10/28/1997,2.82
10/29/1997,2.83
10/30/1997,2.89
10/31/1997,2.99
11/3/1997,2.91
11/4/1997,2.84
11/5/1997,2.81
11/6/1997,2.83
11/7/1997,2.83
11/10/1997,2.81
11/11/1997,2.8
11/12/1997,2.83
11/13/1997,2.86
11/14/1997,2.88
11/17/1997,2.89
11/18/1997,2.88
11/19/1997,2.91
11/20/1997,2.89
11/21/1997,2.9
11/24/1997,2.87
11/25/1997,2.87
11/26/1997,2.85
11/27/1997,2.85
11/28/1997,2.84
11/30/1997,2.9
12/1/1997,2.9
12/2/1997,2.87
12/3/1997,2.88
12/4/1997,2.87
12/5/1997,2.81
12/8/1997,2.77
12/9/1997,2.79
12/10/1997,2.82
12/11/1997,2.88
12/12/1997,2.94
12/15/1997,2.89
12/16/1997,2.9
12/17/1997,2.87
12/18/1997,2.89
12/19/1997,2.93
12/22/1997,2.93
12/23/1997,2.94
12/24/1997,2.94
12/26/1997,2.93
12/29/1997,2.92
12/30/1997,2.91
12/31/1997,2.96
1/2/1998,3.02
1/5/1998,3.09
1/6/1998,3.1
1/7/1998,3.07
1/8/1998,3.1
1/9/1998,3.16
1/12/1998,3.16
1/13/1998,3.14
1/14/1998,3.1
1/15/1998,3.07
1/16/1998,3.01
1/19/1998,3.01
1/20/1998,2.98
1/21/1998,2.99
1/22/1998,2.98
1/23/1998,2.9
1/26/1998,2.92
1/27/1998,2.89
1/28/1998,2.89
1/29/1998,2.95
1/30/1998,2.98
1/31/1998,3
2/2/1998,2.96
2/3/1998,2.98
2/4/1998,2.98
2/5/1998,2.94
2/6/1998,2.93
2/9/1998,2.92
2/10/1998,2.93
2/11/1998,2.96
2/12/1998,2.95
2/13/1998,2.97
2/16/1998,2.96
2/17/1998,2.94
2/18/1998,2.94
2/19/1998,2.93
2/20/1998,2.91
2/23/1998,2.88
2/24/1998,2.83
2/25/1998,2.87
2/26/1998,2.86
2/27/1998,2.88
2/28/1998,2.87
3/2/1998,2.8
3/3/1998,2.79
3/4/1998,2.81
3/5/1998,2.82
3/6/1998,2.85
3/9/1998,2.88
3/10/1998,2.89
3/11/1998,2.89
3/12/1998,2.93
3/13/1998,2.91
3/16/1998,2.91
3/17/1998,2.88
3/18/1998,2.85
3/19/1998,2.84
3/20/1998,2.84
3/23/1998,2.83
3/24/1998,2.82
3/25/1998,2.78
3/26/1998,2.75
3/27/1998,2.73
3/30/1998,2.71
3/31/1998,2.83
4/1/1998,2.84
4/2/1998,2.88
4/3/1998,2.94
4/6/1998,2.89
4/7/1998,2.9
4/8/1998,2.87
4/9/1998,2.86
4/13/1998,2.81
4/14/1998,2.85
4/15/1998,2.84
4/16/1998,2.86
4/17/1998,2.85
4/20/1998,2.82
4/21/1998,2.8
4/22/1998,2.8
4/23/1998,2.8
4/24/1998,2.81
4/27/1998,2.79
4/28/1998,2.78
4/29/1998,2.79
4/30/1998,2.98
5/1/1998,2.98
5/4/1998,2.95
5/5/1998,2.93
5/6/1998,2.97
5/7/1998,2.97
5/8/1998,2.95
5/11/1998,2.9
5/12/1998,2.98
5/13/1998,3
5/14/1998,2.98
5/15/1998,2.97
5/18/1998,3.02
5/19/1998,3.02
5/20/1998,3.04
5/21/1998,3
5/22/1998,3.01
5/25/1998,3.01
5/26/1998,3.04
5/27/1998,3.05
5/28/1998,3.04
5/29/1998,3.05
5/31/1998,3.18
6/1/1998,3.2
6/2/1998,3.18
6/3/1998,3.18
6/4/1998,3.15
6/5/1998,3.16
6/8/1998,3.15
6/9/1998,3.15
6/10/1998,3.2
6/11/1998,3.24
6/12/1998,3.26
6/15/1998,3.3
6/16/1998,3.29
6/17/1998,3.25
6/18/1998,3.26
6/19/1998,3.28
6/22/1998,3.29
6/23/1998,3.31
6/24/1998,3.28
6/25/1998,3.28
6/26/1998,3.28
6/29/1998,3.27
6/30/1998,3.37
7/1/1998,3.39
7/2/1998,3.41
7/3/1998,3.41
7/6/1998,3.42
7/7/1998,3.39
7/8/1998,3.36
7/9/1998,3.39
7/10/1998,3.38
7/13/1998,3.34
7/14/1998,3.33
7/15/1998,3.3
7/16/1998,3.29
7/17/1998,3.29
7/20/1998,3.3
7/21/1998,3.3
7/22/1998,3.29
7/23/1998,3.31
7/24/1998,3.3
7/27/1998,3.3
7/28/1998,3.26
7/29/1998,3.29
7/30/1998,3.3
7/31/1998,3.38
8/3/1998,3.42
8/4/1998,3.48
8/5/1998,3.5
8/6/1998,3.5
8/7/1998,3.55
8/10/1998,3.58
8/11/1998,3.75
8/12/1998,3.76
8/13/1998,3.76
8/14/1998,3.78
8/17/1998,3.83
8/18/1998,3.84
8/19/1998,3.86
8/20/1998,3.9
8/21/1998,4.09
8/24/1998,4.16
8/25/1998,4.23
8/26/1998,4.36
8/27/1998,4.7
8/28/1998,4.87
8/31/1998,5.2
9/1/1998,5.26
9/2/1998,5.26
9/3/1998,5.33
9/4/1998,5.36
9/7/1998,5.35
9/8/1998,5.3
9/9/1998,5.43
9/10/1998,5.68
9/11/1998,5.7
9/14/1998,5.67
9/15/1998,5.66
9/16/1998,5.67
9/17/1998,5.7
9/18/1998,5.79
9/21/1998,5.78
9/22/1998,5.72
9/23/1998,5.72
9/24/1998,5.73
9/25/1998,5.76
9/28/1998,5.74
9/29/1998,5.76
9/30/1998,5.95
10/1/1998,6.06
10/2/1998,6.11
10/5/1998,6.29
10/6/1998,6.27
10/7/1998,6.21
10/8/1998,6.39
10/9/1998,6.32
10/12/1998,6.32
10/13/1998,6.37
10/14/1998,6.59
10/15/1998,6.67
10/16/1998,6.78
10/19/1998,6.78
10/20/1998,6.65
10/21/1998,6.59
10/22/1998,6.49
10/23/1998,6.37
10/26/1998,6.38
10/27/1998,6.43
10/28/1998,6.49
10/29/1998,6.5
10/30/1998,6.36
10/31/1998,6.52
11/2/1998,6.33
11/3/1998,6.27
11/4/1998,6.11
11/5/1998,6.09
11/6/1998,5.95
11/9/1998,5.93
11/10/1998,5.88
11/11/1998,5.85
11/12/1998,5.82
11/13/1998,5.73
11/16/1998,5.62
11/17/1998,5.53
11/18/1998,5.54
11/19/1998,5.47
11/20/1998,5.45
11/23/1998,5.41
11/24/1998,5.36
11/25/1998,5.33
11/26/1998,5.33
11/27/1998,5.34
11/30/1998,5.44
12/1/1998,5.48
12/2/1998,5.55
12/3/1998,5.55
12/4/1998,5.53
12/7/1998,5.45
12/8/1998,5.54
12/9/1998,5.56
12/10/1998,5.61
12/11/1998,5.56
12/14/1998,5.64
12/15/1998,5.59
12/16/1998,5.64
12/17/1998,5.64
12/18/1998,5.63
12/21/1998,5.58
12/22/1998,5.53
12/23/1998,5.43
12/24/1998,5.39
12/28/1998,5.44
12/29/1998,5.48
12/30/1998,5.51
12/31/1998,5.66
1/4/1999,5.63
1/5/1999,5.57
1/6/1999,5.56
1/7/1999,5.53
1/8/1999,5.41
1/11/1999,5.37
1/12/1999,5.46
1/13/1999,5.6
1/14/1999,5.67
1/15/1999,5.62
1/18/1999,5.63
1/19/1999,5.55
1/20/1999,5.49
1/21/1999,5.54
1/22/1999,5.59
1/25/1999,5.56
1/26/1999,5.54
1/27/1999,5.54
1/28/1999,5.53
1/29/1999,5.53
1/31/1999,5.6
2/1/1999,5.54
2/2/1999,5.49
2/3/1999,5.45
2/4/1999,5.41
2/5/1999,5.36
2/8/1999,5.36
2/9/1999,5.41
2/10/1999,5.35
2/11/1999,5.33
2/12/1999,5.24
2/15/1999,5.22
2/16/1999,5.25
2/17/1999,5.29
2/18/1999,5.23
2/19/1999,5.23
2/22/1999,5.31
2/23/1999,5.26
2/24/1999,5.22
2/25/1999,5.15
2/26/1999,5.21
2/28/1999,5.21
3/1/1999,5.15
3/2/1999,5.24
3/3/1999,5.2
3/4/1999,5.2
3/5/1999,5.28
3/8/1999,5.3
3/9/1999,5.34
3/10/1999,5.29
3/11/1999,5.27
3/12/1999,5.29
3/15/1999,5.28
3/16/1999,5.3
3/17/1999,5.28
3/18/1999,5.29
3/19/1999,5.21
3/22/1999,5.18
3/23/1999,5.23
3/24/1999,5.22
3/25/1999,5.17
3/26/1999,5.18
3/29/1999,5.14
3/30/1999,5.19
3/31/1999,5.19
4/1/1999,5.11
4/2/1999,5.17
4/5/1999,5.18
4/6/1999,5.18
4/7/1999,5.13
4/8/1999,5.18
4/9/1999,5.16
4/12/1999,5.14
4/13/1999,5.09
4/14/1999,5.05
4/15/1999,5
4/16/1999,4.96
4/19/1999,4.99
4/20/1999,5.02
4/21/1999,5
4/22/1999,4.93
4/23/1999,4.93
4/26/1999,4.95
4/27/1999,4.95
4/28/1999,4.92
4/29/1999,4.98
4/30/1999,4.76
5/3/1999,4.7
5/4/1999,4.65
5/5/1999,4.71
5/6/1999,4.61
5/7/1999,4.62
5/10/1999,4.67
5/11/1999,4.65
5/12/1999,4.68
5/13/1999,4.76
5/14/1999,4.66
5/17/1999,4.64
5/18/1999,4.6
5/19/1999,4.69
5/20/1999,4.72
5/21/1999,4.77
5/24/1999,4.81
5/25/1999,4.81
5/26/1999,4.78
5/27/1999,4.72
5/28/1999,4.74
5/31/1999,4.75
6/1/1999,4.65
6/2/1999,4.65
6/3/1999,4.69
6/4/1999,4.7
6/7/1999,4.72
6/8/1999,4.69
6/9/1999,4.64
6/10/1999,4.66
6/11/1999,4.6
6/14/1999,4.65
6/15/1999,4.63
6/16/1999,4.66
6/17/1999,4.77
6/18/1999,4.73
6/21/1999,4.68
6/22/1999,4.66
6/23/1999,4.61
6/24/1999,4.58
6/25/1999,4.6
6/28/1999,4.66
6/29/1999,4.69
6/30/1999,4.87
7/1/1999,4.79
7/2/1999,4.79
7/5/1999,4.8
7/6/1999,4.75
7/7/1999,4.74
7/8/1999,4.79
7/9/1999,4.78
7/12/1999,4.87
7/13/1999,4.86
7/14/1999,4.82
7/15/1999,4.77
7/16/1999,4.79
7/19/1999,4.82
7/20/1999,4.83
7/21/1999,4.83
7/22/1999,4.78
7/23/1999,4.77
7/26/1999,4.77
7/27/1999,4.85
7/28/1999,4.86
7/29/1999,4.82
7/30/1999,4.81
7/31/1999,4.66
8/2/1999,4.66
8/3/1999,4.69
8/4/1999,4.75
8/5/1999,4.84
8/6/1999,4.74
8/9/1999,4.65
8/10/1999,4.69
8/11/1999,4.73
8/12/1999,4.7
8/13/1999,4.78
8/16/1999,4.76
8/17/1999,4.83
8/18/1999,4.87
8/19/1999,4.87
8/20/1999,4.89
8/23/1999,4.89
8/24/1999,4.94
8/25/1999,5.03
8/26/1999,5
8/27/1999,4.93
8/30/1999,4.88
8/31/1999,4.9
9/1/1999,4.91
9/2/1999,4.9
9/3/1999,4.99
9/6/1999,4.99
9/7/1999,4.94
9/8/1999,4.96
9/9/1999,4.94
9/10/1999,5.01
9/13/1999,5
9/14/1999,4.98
9/15/1999,5.01
9/16/1999,5.05
9/17/1999,5.07
9/20/1999,5.06
9/21/1999,5.07
9/22/1999,5.09
9/23/1999,5.15
9/24/1999,5.26
9/27/1999,5.22
9/28/1999,5.17
9/29/1999,5.1
9/30/1999,5.07
10/1/1999,5.06
10/4/1999,5.05
10/5/1999,5.12
10/6/1999,5.03
10/7/1999,4.99
10/8/1999,5
10/11/1999,4.99
10/12/1999,4.96
10/13/1999,4.98
10/14/1999,4.93
10/15/1999,4.94
10/18/1999,4.99
10/19/1999,4.99
10/20/1999,4.91
10/21/1999,4.97
10/22/1999,4.93
10/25/1999,4.89
10/26/1999,4.94
10/27/1999,4.99
10/28/1999,5.08
10/29/1999,5.17
10/31/1999,5.13
11/1/1999,5.13
11/2/1999,5.15
11/3/1999,5.14
11/4/1999,5.14
11/5/1999,5.16
11/8/1999,5.15
11/9/1999,5.13
11/10/1999,5.12
11/11/1999,5.14
11/12/1999,5.18
11/15/1999,5.17
11/16/1999,5.13
11/17/1999,5.1
11/18/1999,5.07
11/19/1999,5.05
11/22/1999,5.02
11/23/1999,5.01
11/24/1999,4.99
11/25/1999,5
11/26/1999,4.97
11/29/1999,4.9
11/30/1999,4.91
12/1/1999,4.86
12/2/1999,4.89
12/3/1999,4.91
12/6/1999,4.92
12/7/1999,4.93
12/8/1999,4.85
12/9/1999,4.86
12/10/1999,4.88
12/13/1999,4.87
12/14/1999,4.79
12/15/1999,4.73
12/16/1999,4.72
12/17/1999,4.72
12/20/1999,4.69
12/21/1999,4.68
12/22/1999,4.66
12/23/1999,4.66
12/24/1999,4.66
12/27/1999,4.68
12/28/1999,4.66
12/29/1999,4.7
12/30/1999,4.71
12/31/1999,4.76
1/3/2000,4.68
1/4/2000,4.81
1/5/2000,4.77
1/6/2000,4.82
1/7/2000,4.86
1/10/2000,4.81
1/11/2000,4.74
1/12/2000,4.72
1/13/2000,4.82
1/14/2000,4.77
1/17/2000,4.77
1/18/2000,4.75
1/19/2000,4.77
1/20/2000,4.74
1/21/2000,4.73
1/24/2000,4.82
1/25/2000,4.81
1/26/2000,4.81
1/27/2000,4.8
1/28/2000,4.8
1/31/2000,4.87
2/1/2000,4.87
2/2/2000,4.86
2/3/2000,4.99
2/4/2000,4.87
2/7/2000,4.82
2/8/2000,4.82
2/9/2000,4.79
2/10/2000,4.77
2/11/2000,4.81
2/14/2000,4.88
2/15/2000,4.83
2/16/2000,4.86
2/17/2000,4.82
2/18/2000,4.9
2/21/2000,4.9
2/22/2000,5.02
2/23/2000,4.94
2/24/2000,5.04
2/25/2000,5.07
2/28/2000,5.01
2/29/2000,5.08
3/1/2000,5.11
3/2/2000,5.11
3/3/2000,5.13
3/6/2000,5.1
3/7/2000,5.15
3/8/2000,5.16
3/9/2000,5.19
3/10/2000,5.16
3/13/2000,5.21
3/14/2000,5.29
3/15/2000,5.34
3/16/2000,5.4
3/17/2000,5.41
3/20/2000,5.42
3/21/2000,5.46
3/22/2000,5.51
3/23/2000,5.55
3/24/2000,5.47
3/27/2000,5.47
3/28/2000,5.57
3/29/2000,5.68
3/30/2000,5.84
3/31/2000,5.75
4/3/2000,5.78
4/4/2000,5.94
4/5/2000,5.94
4/6/2000,5.87
4/7/2000,5.9
4/10/2000,5.95
4/11/2000,5.89
4/12/2000,5.82
4/13/2000,5.87
4/14/2000,5.92
4/17/2000,5.84
4/18/2000,5.81
4/19/2000,5.85
4/20/2000,5.85
4/24/2000,5.88
4/25/2000,5.77
4/26/2000,5.77
4/27/2000,5.69
4/28/2000,5.71
4/30/2000,5.88
5/1/2000,5.83
5/2/2000,5.79
5/3/2000,5.77
5/4/2000,5.74
5/5/2000,5.73
5/8/2000,5.72
5/9/2000,5.75
5/10/2000,5.82
5/11/2000,5.84
5/12/2000,5.78
5/15/2000,5.78
5/16/2000,5.82
5/17/2000,5.83
5/18/2000,5.8
5/19/2000,5.89
5/22/2000,5.95
5/23/2000,5.99
5/24/2000,6.01
5/25/2000,6.13
5/26/2000,6.18
5/29/2000,6.19
5/30/2000,6.15
5/31/2000,6.16
6/1/2000,6.22
6/2/2000,6.21
6/5/2000,6.23
6/6/2000,6.2
6/7/2000,6.18
6/8/2000,6.18
6/9/2000,6.12
6/12/2000,6.15
6/13/2000,6.15
6/14/2000,6.18
6/15/2000,6.12
6/16/2000,6.19
6/19/2000,6.18
6/20/2000,6.14
6/21/2000,6.07
6/22/2000,6.06
6/23/2000,5.99
6/26/2000,6.05
6/27/2000,6.05
6/28/2000,6.04
6/29/2000,6.11
6/30/2000,6.17
7/3/2000,6.2
7/4/2000,6.21
7/5/2000,6.21
7/6/2000,6.18
7/7/2000,6.2
7/10/2000,6.17
7/11/2000,6.14
7/12/2000,6.14
7/13/2000,6.18
7/14/2000,6.06
7/17/2000,5.98
7/18/2000,5.97
7/19/2000,5.98
7/20/2000,6.1
7/21/2000,6.11
7/24/2000,6.07
7/25/2000,6.09
7/26/2000,6.06
7/27/2000,6.13
7/28/2000,6.15
7/31/2000,6.26
8/1/2000,6.31
8/2/2000,6.33
8/3/2000,6.33
8/4/2000,6.38
8/7/2000,6.33
8/8/2000,6.34
8/9/2000,6.33
8/10/2000,6.37
8/11/2000,6.33
8/14/2000,6.37
8/15/2000,6.34
8/16/2000,6.34
8/17/2000,6.36
8/18/2000,6.4
8/21/2000,6.4
8/22/2000,6.39
8/23/2000,6.43
8/24/2000,6.44
8/25/2000,6.42
8/28/2000,6.36
8/29/2000,6.3
8/30/2000,6.28
8/31/2000,6.43
9/1/2000,6.48
9/4/2000,6.49
9/5/2000,6.41
9/6/2000,6.37
9/7/2000,6.3
9/8/2000,6.32
9/11/2000,6.3
9/12/2000,6.31
9/13/2000,6.35
9/14/2000,6.33
9/15/2000,6.3
9/18/2000,6.35
9/19/2000,6.41
9/20/2000,6.43
9/21/2000,6.45
9/22/2000,6.5
9/25/2000,6.49
9/26/2000,6.56
9/27/2000,6.65
9/28/2000,6.69
9/29/2000,6.72
9/30/2000,6.77
10/2/2000,6.77
10/3/2000,6.74
10/4/2000,6.77
10/5/2000,6.84
10/6/2000,6.87
10/9/2000,6.89
10/10/2000,6.96
10/11/2000,7.11
10/12/2000,7.21
10/13/2000,7.31
10/16/2000,7.28
10/17/2000,7.47
10/18/2000,7.58
10/19/2000,7.58
10/20/2000,7.59
10/23/2000,7.65
10/24/2000,7.61
10/25/2000,7.55
10/26/2000,7.62
10/27/2000,7.62
10/30/2000,7.62
10/31/2000,7.79
11/1/2000,7.75
11/2/2000,7.8
11/3/2000,7.75
11/6/2000,7.73
11/7/2000,7.75
11/8/2000,7.73
11/9/2000,7.81
11/10/2000,7.85
11/13/2000,7.9
11/14/2000,7.9
11/15/2000,7.91
11/16/2000,7.96
11/17/2000,7.99
11/20/2000,8.09
11/21/2000,8.24
11/22/2000,8.37
11/23/2000,8.37
11/24/2000,8.36
11/27/2000,8.42
11/28/2000,8.51
11/29/2000,8.69
11/30/2000,9.06
12/1/2000,8.98
12/4/2000,9.06
12/5/2000,9.1
12/6/2000,9.12
12/7/2000,9.13
12/8/2000,9.09
12/11/2000,9.02
12/12/2000,8.94
12/13/2000,8.89
12/14/2000,8.94
12/15/2000,8.88
12/18/2000,8.91
12/19/2000,8.87
12/20/2000,8.98
12/21/2000,9.05
12/22/2000,9.06
12/26/2000,9.07
12/27/2000,9.04
12/28/2000,9
12/29/2000,9
12/31/2000,9.16
1/2/2001,9.36
1/3/2001,9.13
1/4/2001,9.11
1/5/2001,9.12
1/8/2001,9.06
1/9/2001,8.88
1/10/2001,8.73
1/11/2001,8.56
1/12/2001,8.38
1/15/2001,8.32
1/16/2001,8.33
1/17/2001,8.31
1/18/2001,8.36
1/19/2001,8.21
1/22/2001,8.17
1/23/2001,8.09
1/24/2001,8.05
1/25/2001,8.05
1/26/2001,8.05
1/29/2001,8.03
1/30/2001,8.02
1/31/2001,7.87
2/1/2001,7.83
2/2/2001,7.73
2/5/2001,7.69
2/6/2001,7.62
2/7/2001,7.64
2/8/2001,7.6
2/9/2001,7.63
2/12/2001,7.6
2/13/2001,7.56
2/14/2001,7.49
2/15/2001,7.38
2/16/2001,7.49
2/19/2001,7.5
2/20/2001,7.51
2/21/2001,7.54
2/22/2001,7.6
2/23/2001,7.67
2/26/2001,7.69
2/27/2001,7.68
2/28/2001,7.7
3/1/2001,7.68
3/2/2001,7.64
3/5/2001,7.61
3/6/2001,7.59
3/7/2001,7.61
3/8/2001,7.59
3/9/2001,7.53
3/12/2001,7.6
3/13/2001,7.63
3/14/2001,7.84
3/15/2001,7.88
3/16/2001,8
3/19/2001,8.02
3/20/2001,8.09
3/21/2001,8.22
3/22/2001,8.4
3/23/2001,8.3
3/26/2001,8.2
3/27/2001,8.03
3/28/2001,8.08
3/29/2001,8.13
3/30/2001,8.2
3/31/2001,8.18
4/2/2001,8.21
4/3/2001,8.48
4/4/2001,8.61
4/5/2001,8.63
4/6/2001,8.75
4/9/2001,8.78
4/10/2001,8.55
4/11/2001,8.5
4/12/2001,8.44
4/16/2001,8.3
4/17/2001,8.4
4/18/2001,8.46
4/19/2001,8.61
4/20/2001,8.64
4/23/2001,8.9
4/24/2001,9.02
4/25/2001,8.26
4/26/2001,8.29
4/27/2001,8.17
4/30/2001,8.06
5/1/2001,7.95
5/2/2001,7.8
5/3/2001,7.83
5/4/2001,7.86
5/7/2001,7.85
5/8/2001,7.83
5/9/2001,7.88
5/10/2001,7.79
5/11/2001,7.6
5/14/2001,7.7
5/15/2001,7.61
5/16/2001,7.66
5/17/2001,7.65
5/18/2001,7.63
5/21/2001,7.6
5/22/2001,7.61
5/23/2001,7.62
5/24/2001,7.53
5/25/2001,7.53
5/28/2001,7.55
5/29/2001,7.52
5/30/2001,7.56
5/31/2001,7.68
6/1/2001,7.65
6/4/2001,7.69
6/5/2001,7.76
6/6/2001,7.75
6/7/2001,7.71
6/8/2001,7.67
6/11/2001,7.71
6/12/2001,7.78
6/13/2001,7.86
6/14/2001,8.09
6/15/2001,8.04
6/18/2001,8.19
6/19/2001,8.28
6/20/2001,8.38
6/21/2001,8.4
6/22/2001,8.47
6/25/2001,8.45
6/26/2001,8.42
6/27/2001,8.34
6/28/2001,8.29
6/29/2001,8.16
6/30/2001,8.16
7/2/2001,8.18
7/3/2001,8.1
7/4/2001,8.11
7/5/2001,8.07
7/6/2001,8.13
7/9/2001,8.13
7/10/2001,8.2
7/11/2001,8.21
7/12/2001,8.28
7/13/2001,8.27
7/16/2001,8.28
7/17/2001,8.31
7/18/2001,8.45
7/19/2001,8.42
7/20/2001,8.39
7/23/2001,8.37
7/24/2001,8.37
7/25/2001,8.31
7/26/2001,8.27
7/27/2001,8.28
7/30/2001,8.32
7/31/2001,8.27
8/1/2001,8.09
8/2/2001,7.95
8/3/2001,7.92
8/6/2001,7.91
8/7/2001,7.87
8/8/2001,7.95
8/9/2001,7.93
8/10/2001,7.99
8/13/2001,8.07
8/14/2001,8.04
8/15/2001,7.96
8/16/2001,8.01
8/17/2001,8.11
8/20/2001,8.07
8/21/2001,8.12
8/22/2001,8.11
8/23/2001,8.15
8/24/2001,8.13
8/27/2001,8.14
8/28/2001,8.19
8/29/2001,8.23
8/30/2001,8.23
8/31/2001,8.05
9/3/2001,8.04
9/4/2001,7.87
9/5/2001,7.95
9/6/2001,8.09
9/7/2001,8.22
9/10/2001,8.22
9/14/2001,9.41
9/17/2001,9.58
9/18/2001,9.51
9/19/2001,9.6
9/20/2001,9.69
9/21/2001,9.89
9/24/2001,9.95
9/25/2001,9.88
9/26/2001,9.97
9/27/2001,10.07
9/28/2001,10.25
9/30/2001,10.18
10/1/2001,10.14
10/2/2001,10.17
10/3/2001,10.14
10/4/2001,10.11
10/5/2001,10.1
10/8/2001,10.06
10/9/2001,10
10/10/2001,9.92
10/11/2001,9.81
10/12/2001,9.77
10/15/2001,9.65
10/16/2001,9.63
10/17/2001,9.61
10/18/2001,9.61
10/19/2001,9.6
10/22/2001,9.6
10/23/2001,9.57
10/24/2001,9.61
10/25/2001,9.62
10/26/2001,9.62
10/29/2001,9.64
10/30/2001,9.73
10/31/2001,9.61
11/1/2001,9.56
11/2/2001,9.46
11/5/2001,9.48
11/6/2001,9.5
11/7/2001,9.53
11/8/2001,9.36
11/9/2001,9.29
11/12/2001,9.3
11/13/2001,9.24
11/14/2001,9.06
11/15/2001,8.62
11/16/2001,8.38
11/19/2001,8.48
11/20/2001,8.37
11/21/2001,8.25
11/22/2001,8.24
11/23/2001,8.15
11/26/2001,8.17
11/27/2001,8.18
11/28/2001,8.13
11/29/2001,8.33
11/30/2001,8.39
12/3/2001,8.38
12/4/2001,8.47
12/5/2001,8.25
12/6/2001,8.12
12/7/2001,8.01
12/10/2001,8.2
12/11/2001,8.31
12/12/2001,8.42
12/13/2001,8.33
12/14/2001,8.34
12/17/2001,8.17
12/18/2001,8.33
12/19/2001,8.41
12/20/2001,8.37
12/21/2001,8.32
12/24/2001,8.3
12/26/2001,8.26
12/27/2001,8.33
12/28/2001,8.33
12/31/2001,8.24
1/2/2002,8.12
1/3/2002,8.03
1/4/2002,7.99
1/7/2002,8.06
1/8/2002,8.05
1/9/2002,8.04
1/10/2002,8.08
1/11/2002,8.17
1/14/2002,8.17
1/15/2002,8.26
1/16/2002,8.27
1/17/2002,8.22
1/18/2002,8.28
1/21/2002,8.29
1/22/2002,8.27
1/23/2002,8.22
1/24/2002,8.18
1/25/2002,8.14
1/28/2002,8.11
1/29/2002,8.26
1/30/2002,8.29
1/31/2002,7.89
2/1/2002,7.81
2/4/2002,7.91
2/5/2002,7.98
2/6/2002,8.02
2/7/2002,8.02
2/8/2002,8.08
2/11/2002,8.09
2/12/2002,8.03
2/13/2002,7.99
2/14/2002,8.05
2/15/2002,8.11
2/18/2002,8.12
2/19/2002,8.12
2/20/2002,8.19
2/21/2002,8.2
2/22/2002,8.28
2/25/2002,8.31
2/26/2002,8.25
2/27/2002,8.31
2/28/2002,8.19
3/1/2002,7.99
3/4/2002,7.92
3/5/2002,7.83
3/6/2002,7.77
3/7/2002,7.51
3/8/2002,7.34
3/11/2002,7.33
3/12/2002,7.32
3/13/2002,7.36
3/14/2002,7.2
3/15/2002,7.18
3/18/2002,7.2
3/19/2002,7.18
3/20/2002,7.08
3/21/2002,7.1
3/22/2002,7.08
3/25/2002,7.06
3/26/2002,7.13
3/27/2002,7.13
3/28/2002,7.11
3/31/2002,7.08
4/1/2002,7
4/2/2002,7.06
4/3/2002,7.15
4/4/2002,7.15
4/5/2002,7.21
4/8/2002,7.18
4/9/2002,7.2
4/10/2002,7.15
4/11/2002,7.17
4/12/2002,7.26
4/15/2002,7.27
4/16/2002,7.21
4/17/2002,7.14
4/18/2002,7.13
4/19/2002,7.14
4/22/2002,7.18
4/23/2002,7.17
4/24/2002,7.2
4/25/2002,7.22
4/26/2002,7.24
4/29/2002,7.19
4/30/2002,6.88
5/1/2002,6.89
5/2/2002,6.87
5/3/2002,6.94
5/6/2002,6.96
5/7/2002,7.02
5/8/2002,6.89
5/9/2002,6.89
5/10/2002,6.97
5/13/2002,6.96
5/14/2002,6.89
5/15/2002,6.93
5/16/2002,7.05
5/17/2002,7.01
5/20/2002,7.07
5/21/2002,7.11
5/22/2002,7.15
5/23/2002,7.1
5/24/2002,7.08
5/27/2002,7.08
5/28/2002,7.09
5/29/2002,7.16
5/30/2002,7.22
5/31/2002,7.28
6/3/2002,7.27
6/4/2002,7.35
6/5/2002,7.31
6/6/2002,7.35
6/7/2002,7.41
6/10/2002,7.48
6/11/2002,7.57
6/12/2002,7.7
6/13/2002,7.75
6/14/2002,7.9
6/17/2002,7.85
6/18/2002,7.85
6/19/2002,7.97
6/20/2002,7.95
6/21/2002,8.14
6/24/2002,8.19
6/25/2002,8.27
6/26/2002,9.06
6/27/2002,9.14
6/28/2002,9.23
6/30/2002,8.75
7/1/2002,8.69
7/2/2002,8.93
7/3/2002,9.02
7/4/2002,9.02
7/5/2002,8.96
7/8/2002,8.99
7/9/2002,8.98
7/10/2002,9.06
7/11/2002,9.26
7/12/2002,9.26
7/15/2002,9.19
7/16/2002,9.13
7/17/2002,9.19
7/18/2002,9.26
7/19/2002,9.37
7/22/2002,9.49
7/23/2002,9.71
7/24/2002,9.96
7/25/2002,9.98
7/26/2002,10.13
7/29/2002,10.01
7/30/2002,9.99
7/31/2002,9.71
8/1/2002,9.54
8/2/2002,9.76
8/5/2002,9.91
8/6/2002,9.81
8/7/2002,9.89
8/8/2002,9.85
8/9/2002,9.92
8/12/2002,10
8/13/2002,10.15
8/14/2002,10.2
8/15/2002,10.01
8/16/2002,9.93
8/19/2002,9.93
8/20/2002,9.94
8/21/2002,9.88
8/22/2002,9.65
8/23/2002,9.62
8/26/2002,9.55
8/27/2002,9.44
8/28/2002,9.48
8/29/2002,9.51
8/30/2002,9.5
8/31/2002,9.61
9/2/2002,9.6
9/3/2002,9.76
9/4/2002,9.75
9/5/2002,9.82
9/6/2002,9.69
9/9/2002,9.69
9/10/2002,9.7
9/11/2002,9.59
9/12/2002,9.63
9/13/2002,9.65
9/16/2002,9.61
9/17/2002,9.6
9/18/2002,9.65
9/19/2002,9.82
9/20/2002,9.92
9/23/2002,10.12
9/24/2002,10.26
9/25/2002,10.18
9/26/2002,10.17
9/27/2002,10.3
9/30/2002,10.33
10/1/2002,10.21
10/2/2002,10.34
10/3/2002,10.48
10/4/2002,10.55
10/7/2002,10.71
10/8/2002,10.87
10/9/2002,11.17
10/10/2002,11.2
10/11/2002,11.07
10/14/2002,11.09
10/15/2002,10.73
10/16/2002,10.73
10/17/2002,10.64
10/18/2002,10.65
10/21/2002,10.54
10/22/2002,10.53
10/23/2002,10.54
10/24/2002,10.53
10/25/2002,10.57
10/28/2002,10.55
10/29/2002,10.67
10/30/2002,10.62
10/31/2002,10.59
11/1/2002,10.47
11/4/2002,10.3
11/5/2002,10.19
11/6/2002,10.1
11/7/2002,10.12
11/8/2002,10.16
11/11/2002,10.18
11/12/2002,10.15
11/13/2002,10.11
11/14/2002,9.94
11/15/2002,9.78
11/18/2002,9.7
11/19/2002,9.61
11/20/2002,9.39
11/21/2002,9.15
11/22/2002,9.04
11/25/2002,9.01
11/26/2002,9.14
11/27/2002,8.94
11/28/2002,8.94
11/29/2002,9.01
11/30/2002,8.83
12/2/2002,8.67
12/3/2002,8.67
12/4/2002,8.81
12/5/2002,8.89
12/6/2002,9
12/9/2002,9.08
12/10/2002,9.05
12/11/2002,9.09
12/12/2002,9.06
12/13/2002,8.99
12/16/2002,8.88
12/17/2002,8.9
12/18/2002,8.94
12/19/2002,9.03
12/20/2002,8.99
12/23/2002,9
12/24/2002,9.01
12/26/2002,9.02
12/27/2002,9.11
12/30/2002,9.13
12/31/2002,8.9
1/2/2003,8.65
1/3/2003,8.57
1/6/2003,8.41
1/7/2003,8.26
1/8/2003,8.18
1/9/2003,7.95
1/10/2003,7.92
1/13/2003,7.92
1/14/2003,7.96
1/15/2003,7.96
1/16/2003,7.99
1/17/2003,8.1
1/20/2003,8.11
1/21/2003,8.12
1/22/2003,8.23
1/23/2003,8.16
1/24/2003,8.21
1/27/2003,8.29
1/28/2003,8.25
1/29/2003,8.24
1/30/2003,8.25
1/31/2003,8.29
2/3/2003,8.21
2/4/2003,8.28
2/5/2003,8.23
2/6/2003,8.35
2/7/2003,8.39
2/10/2003,8.35
2/11/2003,8.37
2/12/2003,8.5
2/13/2003,8.69
2/14/2003,8.62
2/17/2003,8.58
2/18/2003,8.56
2/19/2003,8.53
2/20/2003,8.51
2/21/2003,8.42
2/24/2003,8.41
2/25/2003,8.45
2/26/2003,8.44
2/27/2003,8.4
2/28/2003,8.38
3/3/2003,8.29
3/4/2003,8.31
3/5/2003,8.33
3/6/2003,8.31
3/7/2003,8.34
3/10/2003,8.38
3/11/2003,8.33
3/12/2003,8.32
3/13/2003,8.16
3/14/2003,8.17
3/17/2003,8.04
3/18/2003,7.91
3/19/2003,7.88
3/20/2003,7.84
3/21/2003,7.69
3/24/2003,7.81
3/25/2003,7.8
3/26/2003,7.78
3/27/2003,7.76
3/28/2003,7.75
3/31/2003,7.72
4/1/2003,7.61
4/2/2003,7.36
4/3/2003,7.31
4/4/2003,7.24
4/7/2003,7.11
4/8/2003,7.21
4/9/2003,7.31
4/10/2003,7.28
4/11/2003,7.21
4/14/2003,7.12
4/15/2003,7.07
4/16/2003,7.05
4/17/2003,6.97
4/21/2003,6.92
4/22/2003,6.86
4/23/2003,6.71
4/24/2003,6.69
4/25/2003,6.68
4/28/2003,6.64
4/29/2003,6.55
4/30/2003,6.44
5/1/2003,6.37
5/2/2003,6.26
5/5/2003,6.25
5/6/2003,6.34
5/7/2003,6.46
5/8/2003,6.55
5/9/2003,6.53
5/12/2003,6.53
5/13/2003,6.53
5/14/2003,6.62
5/15/2003,6.55
5/16/2003,6.63
5/19/2003,6.66
5/20/2003,6.77
5/21/2003,6.8
5/22/2003,6.86
5/23/2003,6.87
5/26/2003,6.87
5/27/2003,6.88
5/28/2003,6.89
5/29/2003,6.87
5/30/2003,6.81
5/31/2003,6.79
6/2/2003,6.66
6/3/2003,6.74
6/4/2003,6.7
6/5/2003,6.58
6/6/2003,6.48
6/9/2003,6.51
6/10/2003,6.58
6/11/2003,6.5
6/12/2003,6.48
6/13/2003,6.46
6/16/2003,6.31
6/17/2003,6.14
6/18/2003,6.04
6/19/2003,6.09
6/20/2003,6.07
6/23/2003,6.21
6/24/2003,6.29
6/25/2003,6.15
6/26/2003,6.03
6/27/2003,6.03
6/30/2003,6.13
7/1/2003,6.15
7/2/2003,6.18
7/3/2003,6.11
7/4/2003,6.11
7/7/2003,6.05
7/8/2003,5.97
7/9/2003,5.97
7/10/2003,6
7/11/2003,6.05
7/14/2003,5.94
7/15/2003,5.73
7/16/2003,5.76
7/17/2003,5.75
7/18/2003,5.76
7/21/2003,5.59
7/22/2003,5.66
7/23/2003,5.72
7/24/2003,5.7
7/25/2003,5.73
7/28/2003,5.65
7/29/2003,5.63
7/30/2003,5.83
7/31/2003,5.67
8/1/2003,5.77
8/4/2003,5.84
8/5/2003,5.8
8/6/2003,6.06
8/7/2003,6.15
8/8/2003,6.13
8/11/2003,6.08
8/12/2003,6.13
8/13/2003,5.99
8/14/2003,6.06
8/15/2003,6.07
8/18/2003,6.05
8/19/2003,5.98
8/20/2003,5.81
8/21/2003,5.61
8/22/2003,5.62
8/25/2003,5.53
8/26/2003,5.55
8/27/2003,5.45
8/28/2003,5.5
8/29/2003,5.43
8/31/2003,5.46
9/1/2003,5.46
9/2/2003,5.19
9/3/2003,5.16
9/4/2003,5.25
9/5/2003,5.42
9/8/2003,5.35
9/9/2003,5.34
9/10/2003,5.42
9/11/2003,5.36
9/12/2003,5.42
9/15/2003,5.43
9/16/2003,5.39
9/17/2003,5.41
9/18/2003,5.32
9/19/2003,5.26
9/22/2003,5.28
9/23/2003,5.34
9/24/2003,5.36
9/25/2003,5.37
9/26/2003,5.45
9/29/2003,5.4
9/30/2003,5.51
10/1/2003,5.46
10/2/2003,5.36
10/3/2003,5.18
10/6/2003,5.25
10/7/2003,5.13
10/8/2003,5.1
10/9/2003,5.02
10/10/2003,5.02
10/13/2003,5.01
10/14/2003,4.88
10/15/2003,4.74
10/16/2003,4.62
10/17/2003,4.68
10/20/2003,4.68
10/21/2003,4.68
10/22/2003,4.81
10/23/2003,4.82
10/24/2003,4.89
10/27/2003,4.8
10/28/2003,4.87
10/29/2003,4.77
10/30/2003,4.68
10/31/2003,4.73
11/3/2003,4.65
11/4/2003,4.68
11/5/2003,4.62
11/6/2003,4.56
11/7/2003,4.52
11/10/2003,4.5
11/11/2003,4.5
11/12/2003,4.55
11/13/2003,4.69
11/14/2003,4.74
11/17/2003,4.74
11/18/2003,4.73
11/19/2003,4.65
11/20/2003,4.76
11/21/2003,4.75
11/24/2003,4.67
11/25/2003,4.62
11/26/2003,4.55
11/27/2003,4.55
11/28/2003,4.46
11/30/2003,4.48
12/1/2003,4.37
12/2/2003,4.35
12/3/2003,4.27
12/4/2003,4.26
12/5/2003,4.39
12/8/2003,4.29
12/9/2003,4.19
12/10/2003,4.22
12/11/2003,4.35
12/12/2003,4.34
12/15/2003,4.27
12/16/2003,4.31
12/17/2003,4.34
12/18/2003,4.34
12/19/2003,4.33
12/22/2003,4.28
12/23/2003,4.16
12/24/2003,4.25
12/26/2003,4.28
12/29/2003,4.22
12/30/2003,4.17
12/31/2003,4.18
1/2/2004,4.08
1/5/2004,3.97
1/6/2004,3.98
1/7/2004,3.92
1/8/2004,3.87
1/9/2004,4.01
1/12/2004,4
1/13/2004,4.05
1/14/2004,4.04
1/15/2004,3.98
1/16/2004,3.94
1/19/2004,3.93
1/20/2004,3.89
1/21/2004,3.88
1/22/2004,3.9
1/23/2004,3.79
1/26/2004,3.76
1/27/2004,3.88
1/28/2004,3.81
1/29/2004,3.92
1/30/2004,4.03
1/31/2004,4.05
2/2/2004,4.06
2/3/2004,4.17
2/4/2004,4.2
2/5/2004,4.22
2/6/2004,4.34
2/9/2004,4.28
2/10/2004,4.24
2/11/2004,4.31
2/12/2004,4.19
2/13/2004,4.25
2/16/2004,4.23
2/17/2004,4.21
2/18/2004,4.23
2/19/2004,4.24
2/20/2004,4.22
2/23/2004,4.3
2/24/2004,4.38
2/25/2004,4.36
2/26/2004,4.32
2/27/2004,4.34
2/29/2004,4.34
3/1/2004,4.29
3/2/2004,4.22
3/3/2004,4.22
3/4/2004,4.24
3/5/2004,4.35
3/8/2004,4.37
3/9/2004,4.4
3/10/2004,4.37
3/11/2004,4.41
3/12/2004,4.39
3/15/2004,4.41
3/16/2004,4.53
3/17/2004,4.5
3/18/2004,4.46
3/19/2004,4.43
3/22/2004,4.52
3/23/2004,4.54
3/24/2004,4.56
3/25/2004,4.53
3/26/2004,4.42
3/29/2004,4.34
3/30/2004,4.33
3/31/2004,4.41
4/1/2004,4.32
4/2/2004,4.16
4/5/2004,4.11
4/6/2004,4.14
4/7/2004,4.11
4/8/2004,4.06
4/12/2004,4.02
4/13/2004,3.96
4/14/2004,3.97
4/15/2004,3.95
4/16/2004,3.96
4/19/2004,3.94
4/20/2004,3.91
4/21/2004,3.91
4/22/2004,3.93
4/23/2004,3.81
4/26/2004,3.82
4/27/2004,3.85
4/28/2004,3.81
4/29/2004,3.83
4/30/2004,3.91
5/3/2004,3.93
5/4/2004,3.98
5/5/2004,3.97
5/6/2004,4.04
5/7/2004,3.99
5/10/2004,4.21
5/11/2004,4.24
5/12/2004,4.31
5/13/2004,4.37
5/14/2004,4.48
5/17/2004,4.56
5/18/2004,4.46
5/19/2004,4.32
5/20/2004,4.4
5/21/2004,4.32
5/24/2004,4.29
5/25/2004,4.28
5/26/2004,4.28
5/27/2004,4.32
5/28/2004,4.24
5/31/2004,4.28
6/1/2004,4.25
6/2/2004,4.23
6/3/2004,4.25
6/4/2004,4.16
6/7/2004,4.16
6/8/2004,4.1
6/9/2004,4.05
6/10/2004,4.06
6/11/2004,4.05
6/14/2004,4
6/15/2004,4.12
6/16/2004,4.05
6/17/2004,4.06
6/18/2004,4.02
6/21/2004,4.02
6/22/2004,3.98
6/23/2004,3.98
6/24/2004,4.01
6/25/2004,4
6/28/2004,3.91
6/29/2004,3.96
6/30/2004,4.1
7/1/2004,4.13
7/2/2004,4.17
7/5/2004,4.18
7/6/2004,4.13
7/7/2004,4.12
7/8/2004,4.1
7/9/2004,4.08
7/12/2004,4.08
7/13/2004,4.02
7/14/2004,3.98
7/15/2004,3.94
7/16/2004,4.02
7/19/2004,3.98
7/20/2004,3.86
7/21/2004,3.84
7/22/2004,3.91
7/23/2004,3.95
7/26/2004,3.95
7/27/2004,3.92
7/28/2004,3.96
7/29/2004,3.94
7/30/2004,3.99
7/31/2004,4.02
8/2/2004,4.04
8/3/2004,4.05
8/4/2004,4.06
8/5/2004,4.05
8/6/2004,4.19
8/9/2004,4.16
8/10/2004,4.12
8/11/2004,4.11
8/12/2004,4.17
8/13/2004,4.2
8/16/2004,4.16
8/17/2004,4.18
8/18/2004,4.13
8/19/2004,4.12
8/20/2004,4.07
8/23/2004,4.01
8/24/2004,4
8/25/2004,3.97
8/26/2004,3.99
8/27/2004,3.97
8/30/2004,3.98
8/31/2004,4.06
9/1/2004,4.07
9/2/2004,3.99
9/3/2004,3.89
9/6/2004,3.89
9/7/2004,3.93
9/8/2004,3.96
9/9/2004,3.89
9/10/2004,3.88
9/13/2004,3.86
9/14/2004,3.85
9/15/2004,3.82
9/16/2004,3.93
9/17/2004,3.83
9/20/2004,3.88
9/21/2004,3.85
9/22/2004,3.87
9/23/2004,3.77
9/24/2004,3.78
9/27/2004,3.83
9/28/2004,3.83
9/29/2004,3.79
9/30/2004,3.83
10/1/2004,3.78
10/4/2004,3.78
10/5/2004,3.78
10/6/2004,3.7
10/7/2004,3.66
10/8/2004,3.73
10/11/2004,3.73
10/12/2004,3.74
10/13/2004,3.76
10/14/2004,3.79
10/15/2004,3.74
10/18/2004,3.77
10/19/2004,3.78
10/20/2004,3.84
10/21/2004,3.78
10/22/2004,3.78
10/25/2004,3.76
10/26/2004,3.72
10/27/2004,3.61
10/28/2004,3.58
10/29/2004,3.56
10/31/2004,3.63
11/1/2004,3.56
11/2/2004,3.54
11/3/2004,3.49
11/4/2004,3.43
11/5/2004,3.29
11/8/2004,3.28
11/9/2004,3.29
11/10/2004,3.27
11/11/2004,3.27
11/12/2004,3.31
11/15/2004,3.28
11/16/2004,3.26
11/17/2004,3.31
11/18/2004,3.29
11/19/2004,3.21
11/22/2004,3.24
11/23/2004,3.21
11/24/2004,3.19
11/25/2004,3.21
11/26/2004,3.15
11/29/2004,3.12
11/30/2004,3.17
12/1/2004,3.15
12/2/2004,3.13
12/3/2004,3.2
12/6/2004,3.21
12/7/2004,3.18
12/8/2004,3.23
12/9/2004,3.18
12/10/2004,3.17
12/13/2004,3.15
12/14/2004,3.15
12/15/2004,3.15
12/16/2004,3.06
12/17/2004,3.06
12/20/2004,3.05
12/21/2004,3.07
12/22/2004,3.05
12/23/2004,3.05
12/27/2004,2.99
12/28/2004,2.99
12/29/2004,2.96
12/30/2004,2.99
12/31/2004,3.1
1/3/2005,3.06
1/4/2005,2.97
1/5/2005,3.04
1/6/2005,3.09
1/7/2005,3.07
1/10/2005,3.1
1/11/2005,3.19
1/12/2005,3.2
1/13/2005,3.24
1/14/2005,3.22
1/17/2005,3.21
1/18/2005,3.24
1/19/2005,3.24
1/20/2005,3.33
1/21/2005,3.37
1/24/2005,3.37
1/25/2005,3.29
1/26/2005,3.27
1/27/2005,3.23
1/28/2005,3.27
1/31/2005,3.29
2/1/2005,3.26
2/2/2005,3.2
2/3/2005,3.15
2/4/2005,3.19
2/7/2005,3.17
2/8/2005,3.14
2/9/2005,3.22
2/10/2005,3.16
2/11/2005,3.12
2/14/2005,3.11
2/15/2005,3.06
2/16/2005,2.99
2/17/2005,2.99
2/18/2005,2.93
2/21/2005,2.93
2/22/2005,2.92
2/23/2005,2.93
2/24/2005,2.88
2/25/2005,2.85
2/28/2005,2.83
3/1/2005,2.81
3/2/2005,2.84
3/3/2005,2.83
3/4/2005,2.86
3/7/2005,2.82
3/8/2005,2.76
3/9/2005,2.71
3/10/2005,2.78
3/11/2005,2.73
3/14/2005,2.77
3/15/2005,2.77
3/16/2005,2.89
3/17/2005,3
3/18/2005,2.98
3/21/2005,3.08
3/22/2005,3.08
3/23/2005,3.19
3/24/2005,3.18
3/28/2005,3.19
3/29/2005,3.28
3/30/2005,3.38
3/31/2005,3.52
4/1/2005,3.55
4/4/2005,3.59
4/5/2005,3.53
4/6/2005,3.48
4/7/2005,3.41
4/8/2005,3.39
4/11/2005,3.47
4/12/2005,3.58
4/13/2005,3.61
4/14/2005,3.75
4/15/2005,3.89
4/18/2005,3.98
4/19/2005,4
4/20/2005,3.94
4/21/2005,3.82
4/22/2005,3.86
4/25/2005,3.88
4/26/2005,3.92
4/27/2005,4.04
4/28/2005,4.16
4/29/2005,4.15
4/30/2005,4.19
5/2/2005,4.17
5/3/2005,4.13
5/4/2005,4.12
5/5/2005,4.13
5/6/2005,4.07
5/9/2005,4.05
5/10/2005,4.13
5/11/2005,4.23
5/12/2005,4.28
5/13/2005,4.39
5/16/2005,4.49
5/17/2005,4.57
5/18/2005,4.55
5/19/2005,4.4
5/20/2005,4.33
5/23/2005,4.29
5/24/2005,4.28
5/25/2005,4.16
5/26/2005,4.07
5/27/2005,4.02
5/30/2005,4.02
5/31/2005,4.13
6/1/2005,4.13
6/2/2005,4
6/3/2005,3.9
6/6/2005,3.99
6/7/2005,3.99
6/8/2005,3.98
6/9/2005,4.01
6/10/2005,3.91
6/13/2005,3.88
6/14/2005,3.83
6/15/2005,3.78
6/16/2005,3.83
6/17/2005,3.81
6/20/2005,3.81
6/21/2005,3.82
6/22/2005,3.9
6/23/2005,3.88
6/24/2005,3.93
6/27/2005,3.96
6/28/2005,3.86
6/29/2005,3.81
6/30/2005,3.85
7/1/2005,3.75
7/4/2005,3.75
7/5/2005,3.71
7/6/2005,3.75
7/7/2005,3.78
7/8/2005,3.67
7/11/2005,3.61
7/12/2005,3.54
7/13/2005,3.51
7/14/2005,3.46
7/15/2005,3.43
7/18/2005,3.4
7/19/2005,3.43
7/20/2005,3.43
7/21/2005,3.36
7/22/2005,3.39
7/25/2005,3.36
7/26/2005,3.35
7/27/2005,3.31
7/28/2005,3.33
7/29/2005,3.25
7/31/2005,3.3
8/1/2005,3.29
8/2/2005,3.29
8/3/2005,3.32
8/4/2005,3.31
8/5/2005,3.29
8/8/2005,3.31
8/9/2005,3.33
8/10/2005,3.32
8/11/2005,3.37
8/12/2005,3.42
8/15/2005,3.37
8/16/2005,3.41
8/17/2005,3.37
8/18/2005,3.41
8/19/2005,3.39
8/22/2005,3.39
8/23/2005,3.4
8/24/2005,3.38
8/25/2005,3.38
8/26/2005,3.34
8/29/2005,3.37
8/30/2005,3.48
8/31/2005,3.66
9/1/2005,3.7
9/2/2005,3.7
9/5/2005,3.7
9/6/2005,3.64
9/7/2005,3.61
9/8/2005,3.59
9/9/2005,3.59
9/12/2005,3.55
9/13/2005,3.58
9/14/2005,3.57
9/15/2005,3.55
9/16/2005,3.54
9/19/2005,3.61
9/20/2005,3.65
9/21/2005,3.75
9/22/2005,3.81
9/23/2005,3.71
9/26/2005,3.65
9/27/2005,3.66
9/28/2005,3.69
9/29/2005,3.67
9/30/2005,3.54
10/3/2005,3.47
10/4/2005,3.48
10/5/2005,3.51
10/6/2005,3.55
10/7/2005,3.59
10/10/2005,3.59
10/11/2005,3.66
10/12/2005,3.72
10/13/2005,3.77
10/14/2005,3.72
10/17/2005,3.61
10/18/2005,3.56
10/19/2005,3.6
10/20/2005,3.58
10/21/2005,3.59
10/24/2005,3.54
10/25/2005,3.49
10/26/2005,3.49
10/27/2005,3.57
10/28/2005,3.58
10/31/2005,3.61
11/1/2005,3.57
11/2/2005,3.54
11/3/2005,3.48
11/4/2005,3.48
11/7/2005,3.49
11/8/2005,3.55
11/9/2005,3.5
11/10/2005,3.57
11/11/2005,3.56
11/14/2005,3.58
11/15/2005,3.62
11/16/2005,3.72
11/17/2005,3.78
11/18/2005,3.69
11/21/2005,3.71
11/22/2005,3.74
11/23/2005,3.69
11/24/2005,3.69
11/25/2005,3.72
11/28/2005,3.71
11/29/2005,3.61
11/30/2005,3.67
12/1/2005,3.62
12/2/2005,3.63
12/5/2005,3.62
12/6/2005,3.68
12/7/2005,3.66
12/8/2005,3.7
12/9/2005,3.6
12/12/2005,3.59
12/13/2005,3.6
12/14/2005,3.66
12/15/2005,3.64
12/16/2005,3.65
12/19/2005,3.66
12/20/2005,3.65
12/21/2005,3.61
12/22/2005,3.66
12/23/2005,3.71
12/27/2005,3.73
12/28/2005,3.69
12/29/2005,3.68
12/30/2005,3.65
12/31/2005,3.71
1/3/2006,3.73
1/4/2006,3.69
1/5/2006,3.64
1/6/2006,3.56
1/9/2006,3.51
1/10/2006,3.5
1/11/2006,3.47
1/12/2006,3.53
1/13/2006,3.62
1/16/2006,3.6
1/17/2006,3.64
1/18/2006,3.64
1/19/2006,3.58
1/20/2006,3.6
1/23/2006,3.59
1/24/2006,3.54
1/25/2006,3.44
1/26/2006,3.42
1/27/2006,3.4
1/30/2006,3.34
1/31/2006,3.42
2/1/2006,3.35
2/2/2006,3.35
2/3/2006,3.38
2/6/2006,3.38
2/7/2006,3.39
2/8/2006,3.38
2/9/2006,3.38
2/10/2006,3.35
2/13/2006,3.37
2/14/2006,3.36
2/15/2006,3.32
2/16/2006,3.29
2/17/2006,3.3
2/20/2006,3.3
2/21/2006,3.29
2/22/2006,3.31
2/23/2006,3.27
2/24/2006,3.28
2/27/2006,3.28
2/28/2006,3.37
3/1/2006,3.33
3/2/2006,3.32
3/3/2006,3.29
3/6/2006,3.26
3/7/2006,3.3
3/8/2006,3.31
3/9/2006,3.32
3/10/2006,3.3
3/13/2006,3.27
3/14/2006,3.34
3/15/2006,3.29
3/16/2006,3.34
3/17/2006,3.31
3/20/2006,3.3
3/21/2006,3.21
3/22/2006,3.2
3/23/2006,3.18
3/24/2006,3.23
3/27/2006,3.19
3/28/2006,3.12
3/29/2006,3.14
3/30/2006,3.11
3/31/2006,3.13
4/3/2006,3.09
4/4/2006,3.1
4/5/2006,3.13
4/6/2006,3.12
4/7/2006,3.06
4/10/2006,3.1
4/11/2006,3.11
4/12/2006,3.06
4/13/2006,3.05
4/17/2006,3.08
4/18/2006,3.11
4/19/2006,3.07
4/20/2006,3.04
4/21/2006,3.04
4/24/2006,3.06
4/25/2006,2.98
4/26/2006,2.97
4/27/2006,3
4/28/2006,3
4/30/2006,3.04
5/1/2006,2.96
5/2/2006,2.97
5/3/2006,2.94
5/4/2006,2.93
5/5/2006,2.96
5/8/2006,2.94
5/9/2006,2.92
5/10/2006,2.9
5/11/2006,2.88
5/12/2006,2.88
5/15/2006,2.92
5/16/2006,2.99
5/17/2006,3.03
5/18/2006,3.09
5/19/2006,3.08
5/22/2006,3.15
5/23/2006,3.12
5/24/2006,3.18
5/25/2006,3.13
5/26/2006,3.12
5/29/2006,3.12
5/30/2006,3.1
5/31/2006,3.12
6/1/2006,3.13
6/2/2006,3.22
6/5/2006,3.19
6/6/2006,3.24
6/7/2006,3.22
6/8/2006,3.26
6/9/2006,3.27
6/12/2006,3.25
6/13/2006,3.32
6/14/2006,3.32
6/15/2006,3.29
6/16/2006,3.26
6/19/2006,3.25
6/20/2006,3.28
6/21/2006,3.34
6/22/2006,3.32
6/23/2006,3.31
6/26/2006,3.34
6/27/2006,3.36
6/28/2006,3.33
6/29/2006,3.33
6/30/2006,3.35
7/3/2006,3.33
7/4/2006,3.33
7/5/2006,3.27
7/6/2006,3.31
7/7/2006,3.33
7/10/2006,3.3
7/11/2006,3.33
7/12/2006,3.32
7/13/2006,3.39
7/14/2006,3.44
7/17/2006,3.42
7/18/2006,3.37
7/19/2006,3.42
7/20/2006,3.43
7/21/2006,3.41
7/24/2006,3.41
7/25/2006,3.38
7/26/2006,3.38
7/27/2006,3.36
7/28/2006,3.4
7/31/2006,3.45
8/1/2006,3.44
8/2/2006,3.42
8/3/2006,3.42
8/4/2006,3.44
8/7/2006,3.42
8/8/2006,3.41
8/9/2006,3.41
8/10/2006,3.42
8/11/2006,3.39
8/14/2006,3.36
8/15/2006,3.39
8/16/2006,3.42
8/17/2006,3.38
8/18/2006,3.41
8/21/2006,3.43
8/22/2006,3.43
8/23/2006,3.43
8/24/2006,3.43
8/25/2006,3.44
8/28/2006,3.41
8/29/2006,3.41
8/30/2006,3.42
8/31/2006,3.49
9/1/2006,3.49
9/4/2006,3.49
9/5/2006,3.43
9/6/2006,3.4
9/7/2006,3.41
9/8/2006,3.42
9/11/2006,3.39
9/12/2006,3.4
9/13/2006,3.38
9/14/2006,3.35
9/15/2006,3.33
9/18/2006,3.33
9/19/2006,3.4
9/20/2006,3.39
9/21/2006,3.48
9/22/2006,3.53
9/25/2006,3.55
9/26/2006,3.5
9/27/2006,3.46
9/28/2006,3.44
9/29/2006,3.42
9/30/2006,3.44
10/2/2006,3.44
10/3/2006,3.43
10/4/2006,3.45
10/5/2006,3.39
10/6/2006,3.31
10/9/2006,3.31
10/10/2006,3.27
10/11/2006,3.23
10/12/2006,3.22
10/13/2006,3.19
10/16/2006,3.18
10/17/2006,3.19
10/18/2006,3.18
10/19/2006,3.17
10/20/2006,3.17
10/23/2006,3.14
10/24/2006,3.15
10/25/2006,3.19
10/26/2006,3.21
10/27/2006,3.23
10/30/2006,3.21
10/31/2006,3.29
11/1/2006,3.3
11/2/2006,3.24
11/3/2006,3.12
11/6/2006,3.13
11/7/2006,3.14
11/8/2006,3.15
11/9/2006,3.13
11/10/2006,3.15
11/13/2006,3.12
11/14/2006,3.13
11/15/2006,3.05
11/16/2006,2.99
11/17/2006,3.06
11/20/2006,3.07
11/21/2006,3.13
11/22/2006,3.14
11/23/2006,3.14
11/24/2006,3.15
11/27/2006,3.17
11/28/2006,3.22
11/29/2006,3.15
11/30/2006,3.2
12/1/2006,3.21
12/4/2006,3.2
12/5/2006,3.14
12/6/2006,3.07
12/7/2006,3.05
12/8/2006,3
12/11/2006,3.02
12/12/2006,3.06
12/13/2006,3
12/14/2006,3
12/15/2006,2.98
12/18/2006,2.99
12/19/2006,2.98
12/20/2006,2.97
12/21/2006,2.99
12/22/2006,2.93
12/26/2006,2.93
12/27/2006,2.87
12/28/2006,2.83
12/29/2006,2.82
12/31/2006,2.89
1/2/2007,2.91
1/3/2007,2.91
1/4/2007,2.95
1/5/2007,2.93
1/8/2007,2.92
1/9/2007,2.89
1/10/2007,2.87
1/11/2007,2.82
1/12/2007,2.8
1/15/2007,2.79
1/16/2007,2.78
1/17/2007,2.72
1/18/2007,2.73
1/19/2007,2.7
1/22/2007,2.69
1/23/2007,2.65
1/24/2007,2.63
1/25/2007,2.57
1/26/2007,2.59
1/29/2007,2.58
1/30/2007,2.62
1/31/2007,2.72
2/1/2007,2.66
2/2/2007,2.67
2/5/2007,2.67
2/6/2007,2.67
2/7/2007,2.65
2/8/2007,2.65
2/9/2007,2.59
2/12/2007,2.59
2/13/2007,2.58
2/14/2007,2.62
2/15/2007,2.59
2/16/2007,2.57
2/19/2007,2.57
2/20/2007,2.57
2/21/2007,2.53
2/22/2007,2.49
2/23/2007,2.55
2/26/2007,2.58
2/27/2007,2.79
2/28/2007,2.82
3/1/2007,2.83
3/2/2007,2.91
3/5/2007,2.99
3/6/2007,2.94
3/7/2007,2.91
3/8/2007,2.85
3/9/2007,2.75
3/12/2007,2.8
3/13/2007,2.92
3/14/2007,2.94
3/15/2007,2.88
3/16/2007,2.88
3/19/2007,2.85
3/20/2007,2.88
3/21/2007,2.91
3/22/2007,2.81
3/23/2007,2.79
3/26/2007,2.82
3/27/2007,2.81
3/28/2007,2.84
3/29/2007,2.82
3/30/2007,2.8
3/31/2007,2.85
4/2/2007,2.86
4/3/2007,2.83
4/4/2007,2.87
4/5/2007,2.84
4/9/2007,2.76
4/10/2007,2.78
4/11/2007,2.75
4/12/2007,2.75
4/13/2007,2.71
4/16/2007,2.7
4/17/2007,2.72
4/18/2007,2.73
4/19/2007,2.71
4/20/2007,2.68
4/23/2007,2.68
4/24/2007,2.7
4/25/2007,2.67
4/26/2007,2.63
4/27/2007,2.63
4/30/2007,2.74
5/1/2007,2.74
5/2/2007,2.72
5/3/2007,2.67
5/4/2007,2.7
5/7/2007,2.69
5/8/2007,2.69
5/9/2007,2.64
5/10/2007,2.65
5/11/2007,2.63
5/14/2007,2.61
5/15/2007,2.57
5/16/2007,2.58
5/17/2007,2.55
5/18/2007,2.51
5/21/2007,2.5
5/22/2007,2.46
5/23/2007,2.44
5/24/2007,2.45
5/25/2007,2.45
5/29/2007,2.42
5/30/2007,2.44
5/31/2007,2.46
6/1/2007,2.41
6/4/2007,2.44
6/5/2007,2.41
6/6/2007,2.48
6/7/2007,2.48
6/8/2007,2.51
6/11/2007,2.5
6/12/2007,2.49
6/13/2007,2.53
6/14/2007,2.49
6/15/2007,2.51
6/18/2007,2.52
6/19/2007,2.6
6/20/2007,2.59
6/21/2007,2.66
6/22/2007,2.69
6/25/2007,2.8
6/26/2007,2.79
6/27/2007,2.88
6/28/2007,2.83
6/29/2007,2.89
6/30/2007,2.98
7/2/2007,3.03
7/3/2007,2.99
7/4/2007,2.99
7/5/2007,2.92
7/6/2007,2.9
7/9/2007,2.93
7/10/2007,3.12
7/11/2007,3.16
7/12/2007,3.08
7/13/2007,3.06
7/16/2007,3.07
7/17/2007,3.05
7/18/2007,3.2
7/19/2007,3.2
7/20/2007,3.37
7/23/2007,3.44
7/24/2007,3.61
7/25/2007,3.71
7/26/2007,4.13
7/27/2007,4.28
7/30/2007,4.24
7/31/2007,4.19
8/1/2007,4.28
8/2/2007,4.18
8/3/2007,4.24
8/6/2007,4.28
8/7/2007,4.2
8/8/2007,3.93
8/9/2007,4.04
8/10/2007,4.12
8/13/2007,4.08
8/14/2007,4.16
8/15/2007,4.27
8/16/2007,4.59
8/17/2007,4.48
8/20/2007,4.5
8/21/2007,4.53
8/22/2007,4.42
8/23/2007,4.34
8/24/2007,4.29
8/27/2007,4.3
8/28/2007,4.44
8/29/2007,4.43
8/30/2007,4.48
8/31/2007,4.55
9/3/2007,4.55
9/4/2007,4.53
9/5/2007,4.6
9/6/2007,4.56
9/7/2007,4.73
9/10/2007,4.79
9/11/2007,4.74
9/12/2007,4.69
9/13/2007,4.57
9/14/2007,4.58
9/17/2007,4.52
9/18/2007,4.46
9/19/2007,4.3
9/20/2007,4.21
9/21/2007,4.16
9/24/2007,4.1
9/25/2007,4.17
9/26/2007,4.14
9/27/2007,4.15
9/28/2007,4.16
9/30/2007,4.2
10/1/2007,4.19
10/2/2007,4.2
10/3/2007,4.16
10/4/2007,4.15
10/5/2007,4.02
10/8/2007,4.02
10/9/2007,3.95
10/10/2007,3.91
10/11/2007,3.86
10/12/2007,3.83
10/15/2007,3.81
10/16/2007,3.91
10/17/2007,4.07
10/18/2007,4.2
10/19/2007,4.36
10/22/2007,4.39
10/23/2007,4.34
10/24/2007,4.42
10/25/2007,4.4
10/26/2007,4.39
10/29/2007,4.38
10/30/2007,4.38
10/31/2007,4.36
11/1/2007,4.53
11/2/2007,4.65
11/5/2007,4.69
11/6/2007,4.66
11/7/2007,4.76
11/8/2007,4.91
11/9/2007,5.02
11/12/2007,5.02
11/13/2007,5.07
11/14/2007,5.04
11/15/2007,5.25
11/16/2007,5.37
11/19/2007,5.61
11/20/2007,5.71
11/21/2007,5.87
11/22/2007,5.87
11/23/2007,5.8
11/26/2007,5.92
11/27/2007,5.88
11/28/2007,5.73
11/29/2007,5.73
11/30/2007,5.75
12/3/2007,5.82
12/4/2007,5.89
12/5/2007,5.86
12/6/2007,5.78
12/7/2007,5.63
12/10/2007,5.55
12/11/2007,5.68
12/12/2007,5.61
12/13/2007,5.58
12/14/2007,5.54
12/17/2007,5.58
12/18/2007,5.66
12/19/2007,5.71
12/20/2007,5.79
12/21/2007,5.68
12/24/2007,5.65
12/26/2007,5.59
12/27/2007,5.64
12/28/2007,5.73
12/31/2007,5.92
1/2/2008,6.1
1/3/2008,6.17
1/4/2008,6.36
1/7/2008,6.45
1/8/2008,6.51
1/9/2008,6.73
1/10/2008,6.63
1/11/2008,6.68
1/14/2008,6.66
1/15/2008,6.74
1/16/2008,6.83
1/17/2008,6.99
1/18/2008,7.04
1/21/2008,7.05
1/22/2008,7.39
1/23/2008,7.48
1/24/2008,7.12
1/25/2008,6.99
1/28/2008,7.03
1/29/2008,6.85
1/30/2008,6.78
1/31/2008,6.95
2/1/2008,6.96
2/4/2008,6.92
2/5/2008,7.06
2/6/2008,7.09
2/7/2008,7.1
2/8/2008,7.25
2/11/2008,7.37
2/12/2008,7.37
2/13/2008,7.38
2/14/2008,7.25
2/15/2008,7.3
2/18/2008,7.3
2/19/2008,7.25
2/20/2008,7.25
2/21/2008,7.35
2/22/2008,7.35
2/25/2008,7.21
2/26/2008,7.17
2/27/2008,7.18
2/28/2008,7.37
2/29/2008,7.67
3/3/2008,7.75
3/4/2008,7.76
3/5/2008,7.68
3/6/2008,7.79
3/7/2008,7.92
3/10/2008,8.08
3/11/2008,7.95
3/12/2008,8.13
3/13/2008,8.27
3/14/2008,8.38
3/17/2008,8.62
3/18/2008,8.39
3/19/2008,8.37
3/20/2008,8.4
3/24/2008,8.07
3/25/2008,7.97
3/26/2008,7.99
3/27/2008,7.94
3/28/2008,7.99
3/31/2008,8.21
4/1/2008,8.02
4/2/2008,7.86
4/3/2008,7.78
4/4/2008,7.76
4/7/2008,7.54
4/8/2008,7.58
4/9/2008,7.71
4/10/2008,7.7
4/11/2008,7.76
4/14/2008,7.74
4/15/2008,7.65
4/16/2008,7.46
4/17/2008,7.36
4/18/2008,7.15
4/21/2008,7.13
4/22/2008,7.07
4/23/2008,7.05
4/24/2008,6.92
4/25/2008,6.84
4/28/2008,6.85
4/29/2008,6.86
4/30/2008,6.86
5/1/2008,6.81
5/2/2008,6.64
5/5/2008,6.65
5/6/2008,6.7
5/7/2008,6.72
5/8/2008,6.83
5/9/2008,6.9
5/12/2008,6.9
5/13/2008,6.76
5/14/2008,6.65
5/15/2008,6.69
5/16/2008,6.63
5/19/2008,6.6
5/20/2008,6.68
5/21/2008,6.64
5/22/2008,6.59
5/23/2008,6.7
5/26/2008,6.7
5/27/2008,6.72
5/28/2008,6.61
5/29/2008,6.55
5/30/2008,6.57
5/31/2008,6.53
6/2/2008,6.67
6/3/2008,6.78
6/4/2008,6.79
6/5/2008,6.63
6/6/2008,6.68
6/9/2008,6.58
6/10/2008,6.49
6/11/2008,6.56
6/12/2008,6.43
6/13/2008,6.39
6/16/2008,6.37
6/17/2008,6.4
6/18/2008,6.53
6/19/2008,6.53
6/20/2008,6.7
6/23/2008,6.76
6/24/2008,7.01
6/25/2008,7.02
6/26/2008,7.27
6/27/2008,7.41
6/30/2008,7.35
7/1/2008,7.48
7/2/2008,7.53
7/3/2008,7.63
7/4/2008,7.63
7/7/2008,7.76
7/8/2008,7.87
7/9/2008,7.82
7/10/2008,7.9
7/11/2008,7.88
7/14/2008,7.89
7/15/2008,8.06
7/16/2008,8.01
7/17/2008,7.79
7/18/2008,7.67
7/21/2008,7.58
7/22/2008,7.6
7/23/2008,7.46
7/24/2008,7.64
7/25/2008,7.6
7/28/2008,7.79
7/29/2008,7.82
7/30/2008,7.81
7/31/2008,8
8/1/2008,8.13
8/4/2008,8.14
8/5/2008,8.11
8/6/2008,8.05
8/7/2008,8.16
8/8/2008,8.14
8/11/2008,8.07
8/12/2008,8.11
8/13/2008,8.09
8/14/2008,8.11
8/15/2008,8.12
8/18/2008,8.17
8/19/2008,8.23
8/20/2008,8.3
8/21/2008,8.29
8/22/2008,8.25
8/25/2008,8.32
8/26/2008,8.32
8/27/2008,8.34
8/28/2008,8.29
8/29/2008,8.28
8/31/2008,8.36
9/1/2008,8.36
9/2/2008,8.42
9/3/2008,8.48
9/4/2008,8.55
9/5/2008,8.55
9/8/2008,8.46
9/9/2008,8.53
9/10/2008,8.55
9/11/2008,8.62
9/12/2008,8.54
9/15/2008,9.05
9/16/2008,9.29
9/17/2008,9.64
9/18/2008,9.83
9/19/2008,9.21
9/22/2008,9.21
9/23/2008,9.39
9/24/2008,9.67
9/25/2008,9.87
9/26/2008,10.25
9/29/2008,10.75
9/30/2008,10.96
10/1/2008,11.24
10/2/2008,12
10/3/2008,12.24
10/6/2008,13.07
10/7/2008,13.18
10/8/2008,13.51
10/9/2008,13.91
10/10/2008,15.36
10/13/2008,15.38
10/14/2008,14.5
10/15/2008,15.14
10/16/2008,15.72
10/17/2008,15.95
10/20/2008,15.76
10/21/2008,15.87
10/22/2008,16.05
10/23/2008,16.34
10/24/2008,16.69
10/27/2008,16.81
10/28/2008,16.67
10/29/2008,16.21
10/30/2008,15.91
10/31/2008,16.17
11/3/2008,16.29
11/4/2008,16.18
11/5/2008,16.08
11/6/2008,16.19
11/7/2008,16.31
11/10/2008,16.35
11/11/2008,16.36
11/12/2008,16.84
11/13/2008,17.06
11/14/2008,17.16
11/17/2008,17.43
11/18/2008,17.96
11/19/2008,18.61
11/20/2008,19.48
11/21/2008,19.92
11/24/2008,19.87
11/25/2008,19.86
11/26/2008,19.76
11/27/2008,19.77
11/28/2008,19.78
11/30/2008,19.88
12/1/2008,20.2
12/2/2008,20.19
12/3/2008,20.39
12/4/2008,20.54
12/5/2008,20.74
12/8/2008,20.62
12/9/2008,20.59
12/10/2008,20.66
12/11/2008,20.92
12/12/2008,21.3
12/15/2008,21.82
12/16/2008,21.44
12/17/2008,21.06
12/18/2008,20.72
12/19/2008,20.43
12/22/2008,20.18
12/23/2008,19.82
12/24/2008,19.79
12/26/2008,19.55
12/29/2008,19.25
12/30/2008,18.48
12/31/2008,18.12
1/2/2009,17.84
1/5/2009,17.44
1/6/2009,16.68
1/7/2009,16.42
1/8/2009,16.67
1/9/2009,16.65
1/12/2009,16.67
1/13/2009,16.82
1/14/2009,16.86
1/15/2009,16.97
1/16/2009,16.79
1/19/2009,16.81
1/20/2009,16.79
1/21/2009,16.71
1/22/2009,16.69
1/23/2009,16.73
1/26/2009,16.74
1/27/2009,16.76
1/28/2009,16.4
1/29/2009,16.22
1/30/2009,16.22
1/31/2009,16.26
2/2/2009,16.4
2/3/2009,16.3
2/4/2009,16.15
2/5/2009,16.13
2/6/2009,16.05
2/9/2009,15.98
2/10/2009,16.07
2/11/2009,16.17
2/12/2009,16.27
2/13/2009,16.21
2/16/2009,16.06
2/17/2009,16.45
2/18/2009,16.59
2/19/2009,16.48
2/20/2009,16.76
2/23/2009,16.85
2/24/2009,17.22
2/25/2009,17.17
2/26/2009,17.18
2/27/2009,17.39
2/28/2009,17.38
3/2/2009,17.84
3/3/2009,18.09
3/4/2009,18.28
3/5/2009,18.59
3/6/2009,18.66
3/9/2009,18.86
3/10/2009,18.71
3/11/2009,18.38
3/12/2009,18.29
3/13/2009,18.04
3/16/2009,17.63
3/17/2009,17.58
3/18/2009,17.97
3/19/2009,17.74
3/20/2009,17.74
3/23/2009,17.56
3/24/2009,17.45
3/25/2009,17.26
3/26/2009,17.09
3/27/2009,16.75
3/30/2009,16.89
3/31/2009,17.03
4/1/2009,17.12
4/2/2009,16.78
4/3/2009,16.53
4/6/2009,16.43
4/7/2009,16.44
4/8/2009,16.36
4/9/2009,16.19
4/13/2009,16.16
4/14/2009,15.85
4/15/2009,15.74
4/16/2009,15.44
4/17/2009,15.05
4/20/2009,15.17
4/21/2009,15.35
4/22/2009,15.27
4/23/2009,15.17
4/24/2009,14.87
4/27/2009,14.91
4/28/2009,14.79
4/29/2009,14.46
4/30/2009,13.45
5/1/2009,13.34
5/4/2009,13.23
5/5/2009,13.08
5/6/2009,12.94
5/7/2009,12.54
5/8/2009,12.41
5/11/2009,12.58
5/12/2009,12.64
5/13/2009,12.85
5/14/2009,12.91
5/15/2009,12.91
5/18/2009,12.82
5/19/2009,12.67
5/20/2009,12.45
5/21/2009,12.32
5/22/2009,12.13
5/25/2009,12.15
5/26/2009,12.09
5/27/2009,11.87
5/28/2009,11.74
5/29/2009,11.76
5/31/2009,11.7
6/1/2009,11.36
6/2/2009,11.19
6/3/2009,11.17
6/4/2009,11.01
6/5/2009,10.7
6/8/2009,10.6
6/9/2009,10.59
6/10/2009,10.42
6/11/2009,10.43
6/12/2009,10.41
6/15/2009,10.4
6/16/2009,10.48
6/17/2009,10.73
6/18/2009,10.74
6/19/2009,10.75
6/22/2009,10.93
6/23/2009,11.03
6/24/2009,11.01
6/25/2009,11.09
6/26/2009,11.09
6/29/2009,11.05
6/30/2009,10.55
7/1/2009,10.5
7/2/2009,10.52
7/3/2009,10.52
7/6/2009,10.61
7/7/2009,10.63
7/8/2009,10.84
7/9/2009,10.79
7/10/2009,10.89
7/13/2009,10.92
7/14/2009,10.76
7/15/2009,10.52
7/16/2009,10.57
7/17/2009,10.41
7/20/2009,10.37
7/21/2009,10.29
7/22/2009,10.18
7/23/2009,9.88
7/24/2009,9.8
7/27/2009,9.66
7/28/2009,9.56
7/29/2009,9.44
7/30/2009,9.33
7/31/2009,9.22
8/3/2009,8.99
8/4/2009,8.88
8/5/2009,8.77
8/6/2009,8.73
8/7/2009,8.57
8/10/2009,8.58
8/11/2009,8.64
8/12/2009,8.78
8/13/2009,8.91
8/14/2009,8.94
8/17/2009,9.17
8/18/2009,9.19
8/19/2009,9.25
8/20/2009,9.27
8/21/2009,9.13
8/24/2009,9.14
8/25/2009,9.12
8/26/2009,9.11
8/27/2009,9.07
8/28/2009,9.04
8/31/2009,9.12
9/1/2009,9.18
9/2/2009,9.23
9/3/2009,9.19
9/4/2009,9.09
9/7/2009,9.1
9/8/2009,9.03
9/9/2009,8.98
9/10/2009,8.93
9/11/2009,8.78
9/14/2009,8.57
9/15/2009,8.35
9/16/2009,8.09
9/17/2009,8.09
9/18/2009,7.98
9/21/2009,8
9/22/2009,7.93
9/23/2009,7.88
9/24/2009,7.87
9/25/2009,7.89
9/28/2009,7.95
9/29/2009,7.91
9/30/2009,7.93
10/1/2009,8.11
10/2/2009,8.2
10/5/2009,8.15
10/6/2009,8.05
10/7/2009,8.11
10/8/2009,8
10/9/2009,7.87
10/12/2009,7.88
10/13/2009,7.93
10/14/2009,7.76
10/15/2009,7.69
10/16/2009,7.69
10/19/2009,7.67
10/20/2009,7.66
10/21/2009,7.58
10/22/2009,7.52
10/23/2009,7.45
10/26/2009,7.35
10/27/2009,7.47
10/28/2009,7.59
10/29/2009,7.56
10/30/2009,7.66
10/31/2009,7.6
11/2/2009,7.6
11/3/2009,7.61
11/4/2009,7.55
11/5/2009,7.56
11/6/2009,7.6
11/9/2009,7.57
11/10/2009,7.52
11/11/2009,7.52
11/12/2009,7.54
11/13/2009,7.52
11/16/2009,7.55
11/17/2009,7.55
11/18/2009,7.51
11/19/2009,7.55
11/20/2009,7.54
11/23/2009,7.52
11/24/2009,7.56
11/25/2009,7.57
11/26/2009,7.57
11/27/2009,7.64
11/30/2009,7.65
12/1/2009,7.58
12/2/2009,7.49
12/3/2009,7.4
12/4/2009,7.24
12/7/2009,7.26
12/8/2009,7.31
12/9/2009,7.26
12/10/2009,7.18
12/11/2009,7.09
12/14/2009,6.97
12/15/2009,6.86
12/16/2009,6.82
12/17/2009,6.91
12/18/2009,6.84
12/21/2009,6.72
12/22/2009,6.65
12/23/2009,6.6
12/24/2009,6.54
12/28/2009,6.5
12/29/2009,6.49
12/30/2009,6.5
12/31/2009,6.39
1/4/2010,6.34
1/5/2010,6.3
1/6/2010,6.17
1/7/2010,6.03
1/8/2010,6.02
1/11/2010,5.99
1/12/2010,6.07
1/13/2010,6.03
1/14/2010,6.04
1/15/2010,6.1
1/18/2010,6.1
1/19/2010,6.11
1/20/2010,6.16
1/21/2010,6.24
1/22/2010,6.36
1/25/2010,6.42
1/26/2010,6.44
1/27/2010,6.41
1/28/2010,6.41
1/29/2010,6.46
1/31/2010,6.54
2/1/2010,6.54
2/2/2010,6.54
2/3/2010,6.46
2/4/2010,6.59
2/5/2010,6.81
2/8/2010,6.85
2/9/2010,6.88
2/10/2010,6.93
2/11/2010,6.98
2/12/2010,7.03
2/15/2010,7.01
2/16/2010,7.02
2/17/2010,6.8
2/18/2010,6.65
2/19/2010,6.56
2/22/2010,6.5
2/23/2010,6.6
2/24/2010,6.58
2/25/2010,6.65
2/26/2010,6.66
2/28/2010,6.71
3/1/2010,6.66
3/2/2010,6.58
3/3/2010,6.54
3/4/2010,6.49
3/5/2010,6.37
3/8/2010,6.27
3/9/2010,6.23
3/10/2010,6.16
3/11/2010,6.15
3/12/2010,6.11
3/15/2010,6.12
3/16/2010,6.16
3/17/2010,6.11
3/18/2010,6.02
3/19/2010,5.98
3/22/2010,6.02
3/23/2010,6
3/24/2010,5.85
3/25/2010,5.78
3/26/2010,5.8
3/29/2010,5.79
3/30/2010,5.77
3/31/2010,5.84
4/1/2010,5.82
4/5/2010,5.65
4/6/2010,5.65
4/7/2010,5.72
4/8/2010,5.7
4/9/2010,5.68
4/12/2010,5.68
4/13/2010,5.66
4/14/2010,5.57
4/15/2010,5.52
4/16/2010,5.57
4/19/2010,5.59
4/20/2010,5.54
4/21/2010,5.55
4/22/2010,5.5
4/23/2010,5.44
4/26/2010,5.42
4/27/2010,5.55
4/28/2010,5.51
4/29/2010,5.54
4/30/2010,5.61
5/3/2010,5.57
5/4/2010,5.68
5/5/2010,5.91
5/6/2010,6.26
5/7/2010,6.47
5/10/2010,6.25
5/11/2010,6.34
5/12/2010,6.18
5/13/2010,6.14
5/14/2010,6.33
5/17/2010,6.36
5/18/2010,6.46
5/19/2010,6.59
5/20/2010,6.92
5/21/2010,7.02
5/24/2010,6.97
5/25/2010,7.24
5/26/2010,7.07
5/27/2010,6.88
5/28/2010,6.9
5/31/2010,6.98
6/1/2010,7.04
6/2/2010,7.04
6/3/2010,6.93
6/4/2010,7.14
6/7/2010,7.18
6/8/2010,7.27
6/9/2010,7.26
6/10/2010,7.19
6/11/2010,7.27
6/14/2010,7.16
6/15/2010,7.03
6/16/2010,6.97
6/17/2010,6.91
6/18/2010,6.82
6/21/2010,6.68
6/22/2010,6.75
6/23/2010,6.82
6/24/2010,6.89
6/25/2010,6.9
6/28/2010,6.93
6/29/2010,7.06
6/30/2010,7.13
7/1/2010,7.17
7/2/2010,7.13
7/5/2010,7.13
7/6/2010,7.14
7/7/2010,7.1
7/8/2010,6.98
7/9/2010,6.88
7/12/2010,6.85
7/13/2010,6.7
7/14/2010,6.68
7/15/2010,6.73
7/16/2010,6.77
7/19/2010,6.77
7/20/2010,6.79
7/21/2010,6.75
7/22/2010,6.67
7/23/2010,6.59
7/26/2010,6.54
7/27/2010,6.43
7/28/2010,6.47
7/29/2010,6.48
7/30/2010,6.57
7/31/2010,6.59
8/2/2010,6.54
8/3/2010,6.55
8/4/2010,6.49
8/5/2010,6.51
8/6/2010,6.57
8/9/2010,6.54
8/10/2010,6.6
8/11/2010,6.78
8/12/2010,6.83
8/13/2010,6.87
8/16/2010,6.91
8/17/2010,6.82
8/18/2010,6.78
8/19/2010,6.82
8/20/2010,6.8
8/23/2010,6.82
8/24/2010,6.93
8/25/2010,6.92
8/26/2010,6.93
8/27/2010,6.81
8/30/2010,6.89
8/31/2010,6.92
9/1/2010,6.8
9/2/2010,6.72
9/3/2010,6.62
9/6/2010,6.62
9/7/2010,6.68
9/8/2010,6.59
9/9/2010,6.47
9/10/2010,6.37
9/13/2010,6.36
9/14/2010,6.36
9/15/2010,6.31
9/16/2010,6.25
9/17/2010,6.24
9/20/2010,6.25
9/21/2010,6.32
9/22/2010,6.35
9/23/2010,6.37
9/24/2010,6.32
9/27/2010,6.36
9/28/2010,6.36
9/29/2010,6.29
9/30/2010,6.26
10/1/2010,6.22
10/4/2010,6.23
10/5/2010,6.18
10/6/2010,6.15
10/7/2010,6.13
10/8/2010,6.12
10/11/2010,6.11
10/12/2010,6.08
10/13/2010,6.02
10/14/2010,5.97
10/15/2010,5.95
10/18/2010,6.02
10/19/2010,6.04
10/20/2010,6.06
10/21/2010,6
10/22/2010,5.96
10/25/2010,5.9
10/26/2010,5.79
10/27/2010,5.73
10/28/2010,5.77
10/29/2010,5.82
10/31/2010,5.93
11/1/2010,5.96
11/2/2010,5.94
11/3/2010,5.92
11/4/2010,5.89
11/5/2010,5.79
11/8/2010,5.76
11/9/2010,5.64
11/10/2010,5.75
11/11/2010,5.75
11/12/2010,5.75
11/15/2010,5.67
11/16/2010,5.89
11/17/2010,5.89
11/18/2010,5.8
11/19/2010,5.81
11/22/2010,5.9
11/23/2010,6.04
11/24/2010,5.93
11/25/2010,5.93
11/26/2010,5.94
11/29/2010,6.03
11/30/2010,6.22
12/1/2010,6.02
12/2/2010,5.93
12/3/2010,5.92
12/6/2010,5.95
12/7/2010,5.69
12/8/2010,5.62
12/9/2010,5.6
12/10/2010,5.54
12/13/2010,5.58
12/14/2010,5.42
12/15/2010,5.4
12/16/2010,5.45
12/17/2010,5.54
12/20/2010,5.52
12/21/2010,5.5
12/22/2010,5.45
12/23/2010,5.37
12/24/2010,5.37
12/27/2010,5.4
12/28/2010,5.28
12/29/2010,5.4
12/30/2010,5.32
12/31/2010,5.41
1/3/2011,5.32
1/4/2011,5.27
1/5/2011,5.11
1/6/2011,5.13
1/7/2011,5.23
1/10/2011,5.28
1/11/2011,5.22
1/12/2011,5.17
1/13/2011,5.18
1/14/2011,5.12
1/17/2011,5.12
1/18/2011,5.1
1/19/2011,5.11
1/20/2011,5.03
1/21/2011,5.05
1/24/2011,5.03
1/25/2011,5.06
1/26/2011,4.98
1/27/2011,4.99
1/28/2011,5.03
1/31/2011,5.08
2/1/2011,4.99
2/2/2011,4.89
2/3/2011,4.83
2/4/2011,4.68
2/7/2011,4.64
2/8/2011,4.53
2/9/2011,4.6
2/10/2011,4.55
2/11/2011,4.59
2/14/2011,4.58
2/15/2011,4.57
2/16/2011,4.54
2/17/2011,4.56
2/18/2011,4.53
2/21/2011,4.52
2/22/2011,4.66
2/23/2011,4.66
2/24/2011,4.73
2/25/2011,4.72
2/28/2011,4.78
3/1/2011,4.76
3/2/2011,4.72
3/3/2011,4.6
3/4/2011,4.69
3/7/2011,4.69
3/8/2011,4.64
3/9/2011,4.71
3/10/2011,4.85
3/11/2011,4.88
3/14/2011,4.93
3/15/2011,5.09
3/16/2011,5.16
3/17/2011,5.1
3/18/2011,5.02
3/21/2011,4.93
3/22/2011,4.91
3/23/2011,4.91
3/24/2011,4.84
3/25/2011,4.79
3/28/2011,4.76
3/29/2011,4.73
3/30/2011,4.76
3/31/2011,4.77
4/1/2011,4.72
4/4/2011,4.72
4/5/2011,4.65
4/6/2011,4.57
4/7/2011,4.56
4/8/2011,4.53
4/11/2011,4.53
4/12/2011,4.63
4/13/2011,4.65
4/14/2011,4.6
4/15/2011,4.68
4/18/2011,4.74
4/19/2011,4.75
4/20/2011,4.66
4/21/2011,4.65
4/25/2011,4.69
4/26/2011,4.71
4/27/2011,4.67
4/28/2011,4.73
4/29/2011,4.71
4/30/2011,4.76
5/2/2011,4.74
5/3/2011,4.76
5/4/2011,4.76
5/5/2011,4.8
5/6/2011,4.81
5/9/2011,4.82
5/10/2011,4.76
5/11/2011,4.79
5/12/2011,4.77
5/13/2011,4.8
5/16/2011,4.79
5/17/2011,4.82
5/18/2011,4.79
5/19/2011,4.8
5/20/2011,4.82
5/23/2011,4.87
5/24/2011,4.89
5/25/2011,4.92
5/26/2011,5.01
5/27/2011,5.01
5/30/2011,5.01
5/31/2011,5.09
6/1/2011,5.15
6/2/2011,5.15
6/3/2011,5.24
6/6/2011,5.25
6/7/2011,5.28
6/8/2011,5.38
6/9/2011,5.38
6/10/2011,5.43
6/13/2011,5.47
6/14/2011,5.37
6/15/2011,5.52
6/16/2011,5.65
6/17/2011,5.64
6/20/2011,5.67
6/21/2011,5.65
6/22/2011,5.62
6/23/2011,5.75
6/24/2011,5.8
6/27/2011,5.78
6/28/2011,5.65
6/29/2011,5.53
6/30/2011,5.42
7/1/2011,5.34
7/4/2011,5.34
7/5/2011,5.37
7/6/2011,5.41
7/7/2011,5.27
7/8/2011,5.39
7/11/2011,5.56
7/12/2011,5.6
7/13/2011,5.57
7/14/2011,5.49
7/15/2011,5.51
7/18/2011,5.54
7/19/2011,5.54
7/20/2011,5.46
7/21/2011,5.36
7/22/2011,5.35
7/25/2011,5.33
7/26/2011,5.35
7/27/2011,5.32
7/28/2011,5.37
7/29/2011,5.51
7/31/2011,5.58
8/1/2011,5.63
8/2/2011,5.8
8/3/2011,5.87
8/4/2011,6.16
8/5/2011,6.24
8/8/2011,6.84
8/9/2011,7.19
8/10/2011,7.3
8/11/2011,7.39
8/12/2011,7.3
8/15/2011,7.1
8/16/2011,7.11
8/17/2011,7.08
8/18/2011,7.23
8/19/2011,7.3
8/22/2011,7.32
8/23/2011,7.46
8/24/2011,7.45
8/25/2011,7.43
8/26/2011,7.5
8/29/2011,7.39
8/30/2011,7.39
8/31/2011,7.3
9/1/2011,7.26
9/2/2011,7.33
9/5/2011,7.34
9/6/2011,7.54
9/7/2011,7.41
9/8/2011,7.42
9/9/2011,7.51
9/12/2011,7.64
9/13/2011,7.62
9/14/2011,7.55
9/15/2011,7.49
9/16/2011,7.46
9/19/2011,7.61
9/20/2011,7.59
9/21/2011,7.61
9/22/2011,7.95
9/23/2011,8.01
9/26/2011,8
9/27/2011,7.92
9/28/2011,8.03
9/29/2011,8.16
9/30/2011,8.41
10/3/2011,8.72
10/4/2011,9.1
10/5/2011,8.98
10/6/2011,8.72
10/7/2011,8.55
10/10/2011,8.56
10/11/2011,8.34
10/12/2011,8.07
10/13/2011,8.05
10/14/2011,7.89
10/17/2011,7.88
10/18/2011,7.87
10/19/2011,7.7
10/20/2011,7.64
10/21/2011,7.46
10/24/2011,7.31
10/25/2011,7.29
10/26/2011,7.2
10/27/2011,6.83
10/28/2011,6.85
10/31/2011,7.07
11/1/2011,7.42
11/2/2011,7.35
11/3/2011,7.25
11/4/2011,7.26
11/7/2011,7.29
11/8/2011,7.23
11/9/2011,7.48
11/10/2011,7.46
11/11/2011,7.46
11/14/2011,7.44
11/15/2011,7.49
11/16/2011,7.54
11/17/2011,7.62
11/18/2011,7.61
11/21/2011,7.79
11/22/2011,7.9
11/23/2011,8.03
11/24/2011,8.03
11/25/2011,8
11/28/2011,7.95
11/29/2011,7.95
11/30/2011,7.79
12/1/2011,7.69
12/2/2011,7.65
12/5/2011,7.56
12/6/2011,7.5
12/7/2011,7.54
12/8/2011,7.56
12/9/2011,7.53
12/12/2011,7.6
12/13/2011,7.6
12/14/2011,7.63
12/15/2011,7.62
12/16/2011,7.65
12/19/2011,7.65
12/20/2011,7.54
12/21/2011,7.49
12/22/2011,7.45
12/23/2011,7.37
12/27/2011,7.37
12/28/2011,7.4
12/29/2011,7.36
12/30/2011,7.38
12/31/2011,7.23
1/3/2012,7.06
1/4/2012,7
1/5/2012,7
1/6/2012,7
1/9/2012,6.99
1/10/2012,6.92
1/11/2012,6.98
1/12/2012,6.93
1/13/2012,7.02
1/16/2012,6.98
1/17/2012,6.99
1/18/2012,6.93
1/19/2012,6.77
1/20/2012,6.69
1/23/2012,6.62
1/24/2012,6.62
1/25/2012,6.63
1/26/2012,6.58
1/27/2012,6.57
1/30/2012,6.65
1/31/2012,6.61
2/1/2012,6.54
2/2/2012,6.55
2/3/2012,6.42
2/6/2012,6.44
2/7/2012,6.36
2/8/2012,6.29
2/9/2012,6.26
2/10/2012,6.35
2/13/2012,6.27
2/14/2012,6.27
2/15/2012,6.27
2/16/2012,6.26
2/17/2012,6.2
2/20/2012,6.2
2/21/2012,6.14
2/22/2012,6.15
2/23/2012,6.11
2/24/2012,6.01
2/27/2012,6.05
2/28/2012,6.01
2/29/2012,5.98
3/1/2012,5.94
3/2/2012,5.97
3/5/2012,6.01
3/6/2012,6.25
3/7/2012,6.18
3/8/2012,6.11
3/9/2012,6.09
3/12/2012,6.06
3/13/2012,5.97
3/14/2012,5.83
3/15/2012,5.87
3/16/2012,5.86
3/19/2012,5.79
3/20/2012,5.8
3/21/2012,5.85
3/22/2012,5.91
3/23/2012,5.93
3/26/2012,5.91
3/27/2012,5.93
3/28/2012,5.93
3/29/2012,6.02
3/30/2012,5.95
3/31/2012,5.99
4/2/2012,5.99
4/3/2012,5.91
4/4/2012,5.99
4/5/2012,6.05
4/9/2012,6.24
4/10/2012,6.32
4/11/2012,6.3
4/12/2012,6.24
4/13/2012,6.26
4/16/2012,6.23
4/17/2012,6.16
4/18/2012,6.16
4/19/2012,6.17
4/20/2012,6.14
4/23/2012,6.2
4/24/2012,6.14
4/25/2012,6.05
4/26/2012,6.06
4/27/2012,6.02
4/30/2012,6.04
5/1/2012,5.96
5/2/2012,5.96
5/3/2012,5.92
5/4/2012,5.94
5/7/2012,5.95
5/8/2012,6
5/9/2012,6.04
5/10/2012,6
5/11/2012,6.02
5/14/2012,6.11
5/15/2012,6.15
5/16/2012,6.22
5/17/2012,6.44
5/18/2012,6.52
5/21/2012,6.63
5/22/2012,6.55
5/23/2012,6.66
5/24/2012,6.62
5/25/2012,6.63
5/28/2012,6.63
5/29/2012,6.59
5/30/2012,6.71
5/31/2012,6.96
6/1/2012,7.16
6/4/2012,7.17
6/5/2012,7.23
6/6/2012,7.06
6/7/2012,6.95
6/8/2012,6.95
6/11/2012,6.9
6/12/2012,6.9
6/13/2012,6.91
6/14/2012,6.85
6/15/2012,6.84
6/18/2012,6.81
6/19/2012,6.65
6/20/2012,6.54
6/21/2012,6.52
6/22/2012,6.52
6/25/2012,6.6
6/26/2012,6.57
6/27/2012,6.52
6/28/2012,6.52
6/29/2012,6.36
6/30/2012,6.44
7/2/2012,6.45
7/3/2012,6.39
7/4/2012,6.38
7/5/2012,6.4
7/6/2012,6.44
7/9/2012,6.44
7/10/2012,6.4
7/11/2012,6.37
7/12/2012,6.41
7/13/2012,6.41
7/16/2012,6.39
7/17/2012,6.36
7/18/2012,6.33
7/19/2012,6.25
7/20/2012,6.28
7/23/2012,6.38
7/24/2012,6.4
7/25/2012,6.4
7/26/2012,6.35
7/27/2012,6.22
7/30/2012,6.2
7/31/2012,6.16
8/1/2012,6.1
8/2/2012,6.13
8/3/2012,6.01
8/6/2012,6
8/7/2012,5.91
8/8/2012,5.89
8/9/2012,5.91
8/10/2012,5.98
8/13/2012,5.96
8/14/2012,5.92
8/15/2012,5.88
8/16/2012,5.89
8/17/2012,5.89
8/20/2012,5.86
8/21/2012,5.83
8/22/2012,5.88
8/23/2012,5.89
8/24/2012,5.87
8/27/2012,5.87
8/28/2012,5.88
8/29/2012,5.84
8/30/2012,5.86
8/31/2012,5.98
9/3/2012,5.98
9/4/2012,5.94
9/5/2012,5.91
9/6/2012,5.8
9/7/2012,5.74
9/10/2012,5.68
9/11/2012,5.64
9/12/2012,5.51
9/13/2012,5.5
9/14/2012,5.3
9/17/2012,5.32
9/18/2012,5.33
9/19/2012,5.34
9/20/2012,5.38
9/21/2012,5.42
9/24/2012,5.5
9/25/2012,5.56
9/26/2012,5.8
9/27/2012,5.73
9/28/2012,5.72
9/30/2012,5.74
10/1/2012,5.71
10/2/2012,5.72
10/3/2012,5.68
10/4/2012,5.62
10/5/2012,5.55
10/8/2012,5.54
10/9/2012,5.56
10/10/2012,5.61
10/11/2012,5.57
10/12/2012,5.56
10/15/2012,5.48
10/16/2012,5.4
10/17/2012,5.27
10/18/2012,5.24
10/19/2012,5.31
10/22/2012,5.28
10/23/2012,5.41
10/24/2012,5.39
10/25/2012,5.33
10/26/2012,5.41
10/29/2012,5.46
10/31/2012,5.63
11/1/2012,5.57
11/2/2012,5.54
11/5/2012,5.57
11/6/2012,5.49
11/7/2012,5.63
11/8/2012,5.67
11/9/2012,5.77
11/12/2012,5.77
11/13/2012,5.82
11/14/2012,5.84
11/15/2012,5.94
11/16/2012,5.98
11/19/2012,5.85
11/20/2012,5.79
11/21/2012,5.72
11/22/2012,5.72
11/23/2012,5.71
11/26/2012,5.68
11/27/2012,5.65
11/28/2012,5.66
11/29/2012,5.58
11/30/2012,5.65
12/3/2012,5.6
12/4/2012,5.58
12/5/2012,5.51
12/6/2012,5.48
12/7/2012,5.42
12/10/2012,5.41
12/11/2012,5.35
12/12/2012,5.29
12/13/2012,5.27
12/14/2012,5.28
12/17/2012,5.31
12/18/2012,5.19
12/19/2012,5.19
12/20/2012,5.19
12/21/2012,5.26
12/24/2012,5.24
12/26/2012,5.24
12/27/2012,5.28
12/28/2012,5.3
12/31/2012,5.34
1/2/2013,5.16
1/3/2013,5.06
1/4/2013,5.04
1/7/2013,5.02
1/8/2013,5.02
1/9/2013,4.99
1/10/2013,4.94
1/11/2013,4.93
1/14/2013,4.91
1/15/2013,4.96
1/16/2013,4.95
1/17/2013,4.88
1/18/2013,4.89
1/21/2013,4.88
1/22/2013,4.88
1/23/2013,4.85
1/24/2013,4.82
1/25/2013,4.73
1/28/2013,4.72
1/29/2013,4.78
1/30/2013,4.84
1/31/2013,4.95
2/1/2013,4.94
2/4/2013,5.01
2/5/2013,5.01
2/6/2013,5.04
2/7/2013,5.08
2/8/2013,5.08
2/11/2013,5.06
2/12/2013,5.04
2/13/2013,4.97
2/14/2013,4.97
2/15/2013,4.96
2/18/2013,4.95
2/19/2013,4.92
2/20/2013,4.92
2/21/2013,4.99
2/22/2013,4.97
2/25/2013,4.97
2/26/2013,5.02
2/27/2013,4.98
2/28/2013,4.98
3/1/2013,5
3/4/2013,4.98
3/5/2013,4.92
3/6/2013,4.88
3/7/2013,4.81
3/8/2013,4.76
3/11/2013,4.75
3/12/2013,4.76
3/13/2013,4.75
3/14/2013,4.71
3/15/2013,4.72
3/18/2013,4.77
3/19/2013,4.78
3/20/2013,4.76
3/21/2013,4.76
3/22/2013,4.78
3/25/2013,4.75
3/26/2013,4.78
3/27/2013,4.81
3/28/2013,4.8
3/31/2013,4.86
4/1/2013,4.87
4/2/2013,4.84
4/3/2013,4.87
4/4/2013,4.89
4/5/2013,4.95
4/8/2013,4.9
4/9/2013,4.87
4/10/2013,4.78
4/11/2013,4.73
4/12/2013,4.75
4/15/2013,4.79
4/16/2013,4.78
4/17/2013,4.8
4/18/2013,4.8
4/19/2013,4.78
4/22/2013,4.75
4/23/2013,4.71
4/24/2013,4.66
4/25/2013,4.61
4/26/2013,4.6
4/29/2013,4.53
4/30/2013,4.55
5/1/2013,4.5
5/2/2013,4.45
5/3/2013,4.33
5/6/2013,4.3
5/7/2013,4.24
5/8/2013,4.24
5/9/2013,4.23
5/10/2013,4.23
5/13/2013,4.35
5/14/2013,4.35
5/15/2013,4.36
5/16/2013,4.42
5/17/2013,4.37
5/20/2013,4.34
5/21/2013,4.35
5/22/2013,4.27
5/23/2013,4.42
5/24/2013,4.45
5/27/2013,4.44
5/28/2013,4.35
5/29/2013,4.55
5/30/2013,4.54
5/31/2013,4.62
6/3/2013,4.76
6/4/2013,4.79
6/5/2013,5.03
6/6/2013,5.08
6/7/2013,4.89
6/10/2013,4.86
6/11/2013,5.08
6/12/2013,5.02
6/13/2013,5.11
6/14/2013,5.04
6/17/2013,4.97
6/18/2013,4.96
6/19/2013,4.85
6/20/2013,5.12
6/21/2013,5.09
6/24/2013,5.34
6/25/2013,5.34
6/26/2013,5.29
6/27/2013,5.23
6/28/2013,5.16
6/30/2013,5.21
7/1/2013,5.17
7/2/2013,5.15
7/3/2013,5.15
7/4/2013,5.15
7/5/2013,5.04
7/8/2013,5.11
7/9/2013,5.04
7/10/2013,4.98
7/11/2013,4.9
7/12/2013,4.8
7/15/2013,4.77
7/16/2013,4.72
7/17/2013,4.68
7/18/2013,4.57
7/19/2013,4.56
7/22/2013,4.53
7/23/2013,4.5
7/24/2013,4.55
7/25/2013,4.65
7/26/2013,4.71
7/29/2013,4.69
7/30/2013,4.66
7/31/2013,4.71
8/1/2013,4.63
8/2/2013,4.74
8/5/2013,4.74
8/6/2013,4.76
8/7/2013,4.81
8/8/2013,4.8
8/9/2013,4.8
8/12/2013,4.78
8/13/2013,4.72
8/14/2013,4.69
8/15/2013,4.74
8/16/2013,4.7
8/19/2013,4.71
8/20/2013,4.8
8/21/2013,4.77
8/22/2013,4.73
8/23/2013,4.75
8/26/2013,4.75
8/27/2013,4.82
8/28/2013,4.77
8/29/2013,4.76
9/2/2013,4.78
9/3/2013,4.69
9/4/2013,4.64
9/5/2013,4.59
9/6/2013,4.63
9/9/2013,4.66
9/10/2013,4.6
9/11/2013,4.63
9/12/2013,4.61
9/13/2013,4.6
9/16/2013,4.54
9/17/2013,4.59
9/18/2013,4.67
9/19/2013,4.51
9/20/2013,4.54
9/23/2013,4.6
9/24/2013,4.65
9/25/2013,4.7
9/26/2013,4.69
9/27/2013,4.75
9/30/2013,4.83
10/1/2013,4.78
10/2/2013,4.78
10/3/2013,4.75
10/4/2013,4.7
10/7/2013,4.69
10/8/2013,4.68
10/9/2013,4.67
10/10/2013,4.61
10/11/2013,4.62
10/14/2013,4.6
10/15/2013,4.54
10/16/2013,4.55
10/17/2013,4.53
10/18/2013,4.46
10/21/2013,4.41
10/22/2013,4.44
10/23/2013,4.44
10/24/2013,4.4
10/25/2013,4.42
10/28/2013,4.44
10/29/2013,4.45
10/30/2013,4.43
10/31/2013,4.36
11/1/2013,4.31
11/4/2013,4.33
11/5/2013,4.33
11/6/2013,4.35
11/7/2013,4.34
11/8/2013,4.38
11/11/2013,4.38
11/12/2013,4.35
11/13/2013,4.42
11/14/2013,4.41
11/15/2013,4.38
11/18/2013,4.35
11/19/2013,4.31
11/20/2013,4.29
11/21/2013,4.32
11/22/2013,4.3
11/25/2013,4.27
11/26/2013,4.27
11/27/2013,4.24
11/28/2013,4.24
11/29/2013,4.23
11/30/2013,4.27
12/2/2013,4.19
12/3/2013,4.22
12/4/2013,4.19
12/5/2013,4.16
12/6/2013,4.13
12/9/2013,4.11
12/10/2013,4.15
12/11/2013,4.11
12/12/2013,4.11
12/13/2013,4.12
12/16/2013,4.09
12/17/2013,4.15
12/18/2013,4.14
12/19/2013,4.07
12/20/2013,4.04
12/23/2013,4
12/24/2013,3.96
12/26/2013,3.96
12/27/2013,3.96
12/30/2013,3.97
12/31/2013,4
1/2/2014,4
1/3/2014,3.98
1/6/2014,3.96
1/7/2014,3.92
1/8/2014,3.87
1/9/2014,3.88
1/10/2014,3.95
1/13/2014,3.97
1/14/2014,3.92
1/15/2014,3.87
1/16/2014,3.88
1/17/2014,3.88
1/20/2014,3.88
1/21/2014,3.86
1/22/2014,3.82
1/23/2014,3.92
1/24/2014,4.08
1/27/2014,4.09
1/28/2014,4.08
1/29/2014,4.15
1/30/2014,4.12
1/31/2014,4.21
2/3/2014,4.28
2/4/2014,4.31
2/5/2014,4.28
2/6/2014,4.21
2/7/2014,4.2
2/10/2014,4.16
2/11/2014,4.08
2/12/2014,4.01
2/13/2014,4.07
2/14/2014,4.03
2/17/2014,4.03
2/18/2014,4.01
2/19/2014,3.95
2/20/2014,3.92
2/21/2014,3.9
2/24/2014,3.85
2/25/2014,3.84
2/26/2014,3.84
2/27/2014,3.83
2/28/2014,3.81
3/3/2014,3.87
3/4/2014,3.79
3/5/2014,3.78
3/6/2014,3.78
3/7/2014,3.79
3/10/2014,3.82
3/11/2014,3.82
3/12/2014,3.87
3/13/2014,3.92
3/14/2014,3.96
3/17/2014,3.9
3/18/2014,3.87
3/19/2014,3.74
3/20/2014,3.79
3/21/2014,3.76
3/24/2014,3.75
3/25/2014,3.73
3/26/2014,3.75
3/27/2014,3.77
3/28/2014,3.73
3/31/2014,3.77
4/1/2014,3.73
4/2/2014,3.66
4/3/2014,3.64
4/4/2014,3.68
4/7/2014,3.72
4/8/2014,3.73
4/9/2014,3.74
4/10/2014,3.77
4/11/2014,3.82
4/14/2014,3.76
4/15/2014,3.75
4/16/2014,3.73
4/17/2014,3.68
4/21/2014,3.67
4/22/2014,3.65
4/23/2014,3.68
4/24/2014,3.66
4/25/2014,3.69
4/28/2014,3.68
4/29/2014,3.66
4/30/2014,3.71
5/1/2014,3.75
5/2/2014,3.73
5/5/2014,3.74
5/6/2014,3.72
5/7/2014,3.74
5/8/2014,3.75
5/9/2014,3.74
5/12/2014,3.7
5/13/2014,3.7
5/14/2014,3.73
5/15/2014,3.78
5/16/2014,3.77
5/19/2014,3.76
5/20/2014,3.77
5/21/2014,3.77
5/22/2014,3.78
5/23/2014,3.78
5/26/2014,3.78
5/27/2014,3.76
5/28/2014,3.8
5/29/2014,3.78
5/30/2014,3.75
5/31/2014,3.67
6/2/2014,3.61
6/3/2014,3.59
6/4/2014,3.59
6/5/2014,3.59
6/6/2014,3.53
6/9/2014,3.5
6/10/2014,3.46
6/11/2014,3.46
6/12/2014,3.5
6/13/2014,3.47
6/16/2014,3.43
6/17/2014,3.39
6/18/2014,3.41
6/19/2014,3.39
6/20/2014,3.36
6/23/2014,3.35
6/24/2014,3.37
6/25/2014,3.43
6/26/2014,3.47
6/27/2014,3.48
6/30/2014,3.53
7/1/2014,3.5
7/2/2014,3.46
7/3/2014,3.44
7/4/2014,3.44
7/7/2014,3.44
7/8/2014,3.48
7/9/2014,3.51
7/10/2014,3.62
7/11/2014,3.61
7/14/2014,3.57
7/15/2014,3.6
7/16/2014,3.63
7/17/2014,3.74
7/18/2014,3.78
7/21/2014,3.8
7/22/2014,3.79
7/23/2014,3.77
7/24/2014,3.72
7/25/2014,3.75
7/28/2014,3.74
7/29/2014,3.8
7/30/2014,3.79
7/31/2014,4.04
8/1/2014,4.25
8/4/2014,4.24
8/5/2014,4.17
8/6/2014,4.21
8/7/2014,4.2
8/8/2014,4.2
8/11/2014,4.12
8/12/2014,4.07
8/13/2014,4.03
8/14/2014,3.97
8/15/2014,3.97
8/18/2014,3.89
8/19/2014,3.85
8/20/2014,3.79
8/21/2014,3.81
8/22/2014,3.79
8/25/2014,3.77
8/26/2014,3.78
8/27/2014,3.81
8/28/2014,3.82
8/29/2014,3.8
8/31/2014,3.84
9/1/2014,3.84
9/2/2014,3.8
9/3/2014,3.83
9/4/2014,3.85
9/5/2014,3.93
9/8/2014,3.92
9/9/2014,3.93
9/10/2014,4.01
9/11/2014,4.05
9/12/2014,4.03
9/15/2014,4.06
9/16/2014,4.1
9/17/2014,4.05
9/18/2014,3.98
9/19/2014,3.97
9/22/2014,4.02
9/23/2014,4.13
9/24/2014,4.18
9/25/2014,4.33
9/26/2014,4.4
9/29/2014,4.51
9/30/2014,4.4
10/1/2014,4.45
10/2/2014,4.42
10/3/2014,4.29
10/6/2014,4.26
10/7/2014,4.37
10/8/2014,4.48
10/9/2014,4.52
10/10/2014,4.66
10/13/2014,4.66
10/14/2014,4.83
10/15/2014,5.08
10/16/2014,4.98
10/17/2014,4.68
10/20/2014,4.68
10/21/2014,4.5
10/22/2014,4.44
10/23/2014,4.38
10/24/2014,4.38
10/27/2014,4.41
10/28/2014,4.39
10/29/2014,4.32
10/30/2014,4.35
10/31/2014,4.3
11/3/2014,4.29
11/4/2014,4.35
11/5/2014,4.32
11/6/2014,4.3
11/7/2014,4.36
11/10/2014,4.32
11/11/2014,4.32
11/12/2014,4.33
11/13/2014,4.37
11/14/2014,4.43
11/17/2014,4.46
11/18/2014,4.53
11/19/2014,4.57
11/20/2014,4.61
11/21/2014,4.54
11/24/2014,4.54
11/25/2014,4.54
11/26/2014,4.56
11/27/2014,4.56
11/28/2014,4.64
11/30/2014,4.67
12/1/2014,4.82
12/2/2014,4.82
12/3/2014,4.81
12/4/2014,4.83
12/5/2014,4.77
12/8/2014,4.87
12/9/2014,5.06
12/10/2014,5.21
12/11/2014,5.25
12/12/2014,5.47
12/15/2014,5.52
12/16/2014,5.71
12/17/2014,5.48
12/18/2014,5.15
12/19/2014,5.09
12/22/2014,5.03
12/23/2014,4.94
12/24/2014,4.93
12/26/2014,4.93
12/29/2014,4.96
12/30/2014,4.98
12/31/2014,5.04
1/2/2015,5.08
1/5/2015,5.21
1/6/2015,5.37
1/7/2015,5.31
1/8/2015,5.17
1/9/2015,5.2
1/12/2015,5.27
1/13/2015,5.28
1/14/2015,5.39
1/15/2015,5.42
1/19/2015,5.39
1/20/2015,5.39
1/21/2015,5.36
1/22/2015,5.27
1/23/2015,5.3
1/26/2015,5.26
1/27/2015,5.29
1/28/2015,5.31
1/29/2015,5.28
1/30/2015,5.37
1/31/2015,5.26
2/2/2015,5.26
2/3/2015,5.11
2/4/2015,5.05
2/5/2015,4.99
2/6/2015,4.78
2/9/2015,4.8
2/10/2015,4.75
2/11/2015,4.76
2/12/2015,4.74
2/13/2015,4.71
2/16/2015,4.69
2/17/2015,4.57
2/18/2015,4.62
2/19/2015,4.58
2/20/2015,4.53
2/23/2015,4.56
2/24/2015,4.58
2/25/2015,4.54
2/26/2015,4.43
2/27/2015,4.43
2/28/2015,4.46
3/2/2015,4.38
3/3/2015,4.38
3/4/2015,4.44
3/5/2015,4.46
3/6/2015,4.42
3/9/2015,4.51
3/10/2015,4.66
3/11/2015,4.61
3/12/2015,4.62
3/13/2015,4.68
3/16/2015,4.72
3/17/2015,4.79
3/18/2015,4.91
3/19/2015,4.79
3/20/2015,4.81
3/23/2015,4.82
3/24/2015,4.81
3/25/2015,4.76
3/26/2015,4.74
3/27/2015,4.76
3/30/2015,4.73
3/31/2015,4.82
4/1/2015,4.86
4/2/2015,4.82
4/6/2015,4.8
4/7/2015,4.72
4/8/2015,4.67
4/9/2015,4.62
4/10/2015,4.6
4/13/2015,4.6
4/14/2015,4.62
4/15/2015,4.58
4/16/2015,4.61
4/17/2015,4.66
4/20/2015,4.6
4/21/2015,4.57
4/22/2015,4.53
4/23/2015,4.55
4/24/2015,4.56
4/27/2015,4.55
4/28/2015,4.52
4/29/2015,4.53
4/30/2015,4.59
5/1/2015,4.53
5/4/2015,4.51
5/5/2015,4.48
5/6/2015,4.5
5/7/2015,4.55
5/8/2015,4.53
5/11/2015,4.45
5/12/2015,4.56
5/13/2015,4.51
5/14/2015,4.52
5/15/2015,4.55
5/18/2015,4.49
5/19/2015,4.46
5/20/2015,4.49
5/21/2015,4.51
5/22/2015,4.47
5/26/2015,4.51
5/27/2015,4.48
5/28/2015,4.5
5/29/2015,4.52
5/31/2015,4.58
6/1/2015,4.52
6/2/2015,4.49
6/3/2015,4.46
6/4/2015,4.56
6/5/2015,4.56
6/8/2015,4.61
6/9/2015,4.66
6/10/2015,4.6
6/11/2015,4.62
6/12/2015,4.63
6/15/2015,4.71
6/16/2015,4.77
6/17/2015,4.76
6/18/2015,4.71
6/19/2015,4.73
6/22/2015,4.62
6/23/2015,4.62
6/24/2015,4.66
6/25/2015,4.67
6/26/2015,4.65
6/29/2015,4.91
6/30/2015,5
7/1/2015,4.88
7/2/2015,4.91
7/3/2015,4.91
7/6/2015,5.07
7/7/2015,5.13
7/8/2015,5.21
7/9/2015,5.11
7/10/2015,4.97
7/13/2015,4.93
7/14/2015,4.94
7/15/2015,4.93
7/16/2015,4.91
7/17/2015,4.95
7/20/2015,4.96
7/21/2015,5.06
7/22/2015,5.16
7/23/2015,5.21
7/24/2015,5.32
7/27/2015,5.49
7/28/2015,5.44
7/29/2015,5.33
7/30/2015,5.26
7/31/2015,5.36
8/3/2015,5.45
8/4/2015,5.41
8/5/2015,5.29
8/6/2015,5.4
8/7/2015,5.52
8/10/2015,5.51
8/11/2015,5.67
8/12/2015,5.79
8/13/2015,5.66
8/14/2015,5.52
8/17/2015,5.58
8/18/2015,5.56
8/19/2015,5.68
8/20/2015,5.75
8/21/2015,5.86
8/24/2015,6.14
8/25/2015,5.9
8/26/2015,5.91
8/27/2015,5.8
8/28/2015,5.72
8/31/2015,5.7
9/1/2015,5.78
9/2/2015,5.73
9/3/2015,5.7
9/4/2015,5.74
9/7/2015,5.74
9/8/2015,5.64
9/9/2015,5.59
9/10/2015,5.58
9/11/2015,5.62
9/14/2015,5.62
9/15/2015,5.54
9/16/2015,5.59
9/17/2015,5.71
9/18/2015,5.8
9/21/2015,5.77
9/22/2015,5.98
9/23/2015,5.98
9/24/2015,6.14
9/25/2015,6.15
9/28/2015,6.48
9/29/2015,6.6
9/30/2015,6.62
10/1/2015,6.67
10/2/2015,6.83
10/5/2015,6.62
10/6/2015,6.52
10/7/2015,6.32
10/8/2015,6.26
10/9/2015,6.13
10/12/2015,6.13
10/13/2015,6.24
10/14/2015,6.31
10/15/2015,6.26
10/16/2015,6.18
10/19/2015,6.16
10/20/2015,6.06
10/21/2015,6.07
10/22/2015,6.1
10/23/2015,5.97
10/26/2015,6
10/27/2015,6.07
10/28/2015,5.97
10/29/2015,5.89
10/30/2015,5.88
10/31/2015,5.9
11/2/2015,5.84
11/3/2015,5.77
11/4/2015,5.73
11/5/2015,5.8
11/6/2015,5.82
11/9/2015,5.94
11/10/2015,6.02
11/11/2015,6.02
11/12/2015,6.13
11/13/2015,6.24
11/16/2015,6.28
11/17/2015,6.19
11/18/2015,6.2
11/19/2015,6.28
11/20/2015,6.32
11/23/2015,6.35
11/24/2015,6.41
11/25/2015,6.37
11/26/2015,6.37
11/27/2015,6.38
11/30/2015,6.4
12/1/2015,6.4
12/2/2015,6.34
12/3/2015,6.32
12/4/2015,6.37
12/7/2015,6.51
12/8/2015,6.65
12/9/2015,6.72
12/10/2015,6.71
12/11/2015,7.1
12/14/2015,7.33
12/15/2015,7.09
12/16/2015,6.98
12/17/2015,7.01
12/18/2015,7.2
12/21/2015,7.25
12/22/2015,7.15
12/23/2015,7.05
12/24/2015,7.05
12/28/2015,7.07
12/29/2015,6.96
12/30/2015,6.95
12/31/2015,6.95
1/4/2016,7.1
1/5/2016,7.03
1/6/2016,7.11
1/7/2016,7.24
1/8/2016,7.23
1/11/2016,7.31
1/12/2016,7.38
1/13/2016,7.5
1/14/2016,7.57
1/15/2016,7.89
1/18/2016,7.9
1/19/2016,7.88
1/20/2016,8.27
1/21/2016,8.13
1/22/2016,7.87
1/25/2016,7.85
1/26/2016,7.83
1/27/2016,7.78
1/28/2016,7.75
1/29/2016,7.74
1/31/2016,7.77
2/1/2016,7.79
2/2/2016,7.98
2/3/2016,8.03
2/4/2016,8.03
2/5/2016,8.1
2/8/2016,8.51
2/9/2016,8.62
2/10/2016,8.53
2/11/2016,8.87
2/12/2016,8.64
2/15/2016,8.59
2/16/2016,8.45
2/17/2016,8.21
2/18/2016,8.17
2/19/2016,8.23
2/22/2016,8.09
2/23/2016,8.1
2/24/2016,8.17
2/25/2016,8.08
2/26/2016,7.8
2/29/2016,7.75
3/1/2016,7.46
3/2/2016,7.31
3/3/2016,7.28
3/4/2016,7.08
3/7/2016,7.03
3/8/2016,7.14
3/9/2016,7.15
3/10/2016,7.04
3/11/2016,6.82
3/14/2016,6.74
3/15/2016,6.84
3/16/2016,6.94
3/17/2016,6.82
3/18/2016,6.71
3/21/2016,6.65
3/22/2016,6.69
3/23/2016,6.79
3/24/2016,6.93
3/28/2016,6.99
3/29/2016,7.14
3/30/2016,7.03
3/31/2016,7.05
4/1/2016,7.05
4/4/2016,7.03
4/5/2016,7.13
4/6/2016,7.04
4/7/2016,7.11
4/8/2016,7.03
4/11/2016,7
4/12/2016,6.87
4/13/2016,6.71
4/14/2016,6.6
4/15/2016,6.62
4/18/2016,6.62
4/19/2016,6.46
4/20/2016,6.31
4/21/2016,6.29
4/22/2016,6.29
4/25/2016,6.32
4/26/2016,6.26
4/27/2016,6.25
4/28/2016,6.19
4/29/2016,6.24
4/30/2016,6.21
5/2/2016,6.16
5/3/2016,6.31
5/4/2016,6.39
5/5/2016,6.42
5/6/2016,6.48
5/9/2016,6.53
5/10/2016,6.46
5/11/2016,6.4
5/12/2016,6.36
5/13/2016,6.41
5/16/2016,6.3
5/17/2016,6.26
5/18/2016,6.16
5/19/2016,6.29
5/20/2016,6.22
5/23/2016,6.21
5/24/2016,6.13
5/25/2016,6.04
5/26/2016,6.08
5/27/2016,6.08
5/30/2016,6.08
5/31/2016,5.97
6/1/2016,6.01
6/2/2016,6
6/3/2016,6.09
6/6/2016,6
6/7/2016,5.92
6/8/2016,5.82
6/9/2016,5.86
6/10/2016,5.98
6/13/2016,6.07
6/14/2016,6.19
6/15/2016,6.18
6/16/2016,6.32
6/17/2016,6.21
6/20/2016,6
6/21/2016,6
6/22/2016,5.96
6/23/2016,5.83
6/24/2016,6.33
6/27/2016,6.57
6/28/2016,6.48
6/29/2016,6.26
6/30/2016,6.21
7/1/2016,6.12
7/4/2016,6.12
7/5/2016,6.16
7/6/2016,6.14
7/7/2016,6.02
7/8/2016,5.88
7/11/2016,5.66
7/12/2016,5.46
7/13/2016,5.58
7/14/2016,5.44
7/15/2016,5.42
7/18/2016,5.44
7/19/2016,5.45
7/20/2016,5.4
7/21/2016,5.41
7/22/2016,5.39
7/25/2016,5.39
7/26/2016,5.45
7/27/2016,5.51
7/28/2016,5.54
7/29/2016,5.61
7/31/2016,5.69
8/1/2016,5.69
8/2/2016,5.73
8/3/2016,5.72
8/4/2016,5.65
8/5/2016,5.46
8/8/2016,5.42
8/9/2016,5.36
8/10/2016,5.38
8/11/2016,5.31
8/12/2016,5.34
8/15/2016,5.23
8/16/2016,5.17
8/17/2016,5.19
8/18/2016,5.2
8/19/2016,5.15
8/22/2016,5.18
8/23/2016,5.14
8/24/2016,5.13
8/25/2016,5.14
8/26/2016,5.04
8/29/2016,5.1
8/30/2016,5.07
8/31/2016,5.1
9/1/2016,5.12
9/2/2016,5.09
9/5/2016,5.09
9/6/2016,5.09
9/7/2016,5.07
9/8/2016,4.99
9/9/2016,5.1
9/12/2016,5.18
9/13/2016,5.24
9/14/2016,5.26
9/15/2016,5.26
9/16/2016,5.27
9/19/2016,5.25
9/20/2016,5.24
9/21/2016,5.22
9/22/2016,5.09
9/23/2016,5.1
9/26/2016,5.16
9/27/2016,5.18
9/28/2016,5.14
9/29/2016,5.09
9/30/2016,4.97
10/3/2016,4.93
10/4/2016,4.85
10/5/2016,4.78
10/6/2016,4.75
10/7/2016,4.76
10/10/2016,4.76
10/11/2016,4.75
10/12/2016,4.75
10/13/2016,4.82
10/14/2016,4.72
10/17/2016,4.76
10/18/2016,4.72
10/19/2016,4.66
10/20/2016,4.62
10/21/2016,4.62
10/24/2016,4.6
10/25/2016,4.6
10/26/2016,4.66
10/27/2016,4.69
10/28/2016,4.76
10/31/2016,4.91
11/1/2016,5.05
11/2/2016,5.15
11/3/2016,5.15
11/4/2016,5.2
11/7/2016,5.01
11/8/2016,4.98
11/9/2016,4.94
11/10/2016,4.97
11/11/2016,4.97
11/14/2016,5.11
11/15/2016,4.94
11/16/2016,4.94
11/17/2016,4.85
11/18/2016,4.84
11/21/2016,4.78
11/22/2016,4.7
11/23/2016,4.66
11/24/2016,4.66
11/25/2016,4.64
11/28/2016,4.66
11/29/2016,4.69
11/30/2016,4.67
12/1/2016,4.62
12/2/2016,4.64
12/5/2016,4.58
12/6/2016,4.5
12/7/2016,4.42
12/8/2016,4.38
12/9/2016,4.28
12/12/2016,4.25
12/13/2016,4.2
12/14/2016,4.12
12/15/2016,4.2
12/16/2016,4.21
12/19/2016,4.23
12/20/2016,4.2
12/21/2016,4.19
12/22/2016,4.17
12/23/2016,4.16
12/27/2016,4.11
12/28/2016,4.15
12/29/2016,4.18
12/30/2016,4.21
12/31/2016,4.22
1/3/2017,4.13
1/4/2017,4.02
1/5/2017,4.04
1/6/2017,3.98
1/9/2017,4.02
1/10/2017,4
1/11/2017,4.03
1/12/2017,4.05
1/13/2017,4.02
1/16/2017,4
1/17/2017,4.06
1/18/2017,4.01
1/19/2017,3.99
1/20/2017,4.02
1/23/2017,4.1
1/24/2017,4.02
1/25/2017,3.93
1/26/2017,3.93
1/27/2017,3.93
1/30/2017,3.96
1/31/2017,4
2/1/2017,3.95
2/2/2017,3.93
2/3/2017,3.86
2/6/2017,3.91
2/7/2017,3.93
2/8/2017,3.98
2/9/2017,3.93
2/10/2017,3.9
2/13/2017,3.86
2/14/2017,3.8
2/15/2017,3.77
2/16/2017,3.83
2/17/2017,3.86
2/20/2017,3.86
2/21/2017,3.81
2/22/2017,3.78
2/23/2017,3.77
2/24/2017,3.84
2/27/2017,3.75
2/28/2017,3.74
3/1/2017,3.57
3/2/2017,3.55
3/3/2017,3.6
3/6/2017,3.66
3/7/2017,3.73
3/8/2017,3.79
3/9/2017,3.88
3/10/2017,3.89
3/13/2017,3.94
3/14/2017,4.05
3/15/2017,4.02
3/16/2017,3.88
3/17/2017,3.91
3/20/2017,3.97
3/21/2017,4.04
3/22/2017,4.16
3/23/2017,4.11
3/24/2017,4.07
3/27/2017,4.12
3/28/2017,4.01
3/29/2017,3.94
3/30/2017,3.85
3/31/2017,3.92
4/3/2017,3.98
4/4/2017,3.98
4/5/2017,3.91
4/6/2017,3.93
4/7/2017,3.86
4/10/2017,3.86
4/11/2017,3.94
4/12/2017,3.96
4/13/2017,4.03
4/17/2017,4
4/18/2017,4.07
4/19/2017,4.01
4/20/2017,3.98
4/21/2017,3.97
4/24/2017,3.86
4/25/2017,3.78
4/26/2017,3.76
4/27/2017,3.78
4/28/2017,3.75
4/30/2017,3.81
5/1/2017,3.78
5/2/2017,3.79
5/3/2017,3.76
5/4/2017,3.8
5/5/2017,3.82
5/8/2017,3.8
5/9/2017,3.74
5/10/2017,3.72
5/11/2017,3.72
5/12/2017,3.77
5/15/2017,3.72
5/16/2017,3.71
5/17/2017,3.84
5/18/2017,3.85
5/19/2017,3.78
5/22/2017,3.72
5/23/2017,3.67
5/24/2017,3.68
5/25/2017,3.67
5/26/2017,3.67
5/29/2017,3.67
5/30/2017,3.68
5/31/2017,3.74
6/1/2017,3.69
6/2/2017,3.69
6/5/2017,3.68
6/6/2017,3.72
6/7/2017,3.73
6/8/2017,3.76
6/9/2017,3.73
6/12/2017,3.71
6/13/2017,3.68
6/14/2017,3.7
6/15/2017,3.72
6/16/2017,3.76
6/19/2017,3.7
6/20/2017,3.77
6/21/2017,3.85
6/22/2017,3.87
6/23/2017,3.86
6/26/2017,3.83
6/27/2017,3.77
6/28/2017,3.77
6/29/2017,3.76
6/30/2017,3.77
7/3/2017,3.72
7/4/2017,3.72
7/5/2017,3.73
7/6/2017,3.78
7/7/2017,3.83
7/10/2017,3.83
7/11/2017,3.85
7/12/2017,3.81
7/13/2017,3.77
7/14/2017,3.73
7/17/2017,3.69
7/18/2017,3.69
7/19/2017,3.64
7/20/2017,3.61
7/21/2017,3.64
7/24/2017,3.63
7/25/2017,3.55
7/26/2017,3.56
7/27/2017,3.55
7/28/2017,3.59
7/31/2017,3.61
8/1/2017,3.6
8/2/2017,3.59
8/3/2017,3.63
8/4/2017,3.63
8/7/2017,3.64
8/8/2017,3.64
8/9/2017,3.81
8/10/2017,3.92
8/11/2017,4
8/14/2017,3.89
8/15/2017,3.87
8/16/2017,3.88
8/17/2017,3.93
8/18/2017,3.98
8/21/2017,4
8/22/2017,3.93
8/23/2017,3.95
8/24/2017,3.91
8/25/2017,3.89
8/28/2017,3.88
8/29/2017,3.9
8/30/2017,3.86
8/31/2017,3.85
9/1/2017,3.82
9/4/2017,3.82
9/5/2017,3.91
9/6/2017,3.84
9/7/2017,3.88
9/8/2017,3.92
9/11/2017,3.85
9/12/2017,3.81
9/13/2017,3.78
9/14/2017,3.74
9/15/2017,3.73
9/18/2017,3.68
9/19/2017,3.66
9/20/2017,3.6
9/21/2017,3.62
9/22/2017,3.64
9/25/2017,3.66
9/26/2017,3.62
9/27/2017,3.57
9/28/2017,3.57
9/29/2017,3.54
9/30/2017,3.56
10/2/2017,3.55
10/3/2017,3.55
10/4/2017,3.54
10/5/2017,3.52
10/6/2017,3.52
10/9/2017,3.51
10/10/2017,3.52
10/11/2017,3.52
10/12/2017,3.56
10/13/2017,3.6
10/16/2017,3.53
10/17/2017,3.5
10/18/2017,3.46
10/19/2017,3.48
10/20/2017,3.42
10/23/2017,3.4
10/24/2017,3.38
10/25/2017,3.42
10/26/2017,3.41
10/27/2017,3.44
10/30/2017,3.49
10/31/2017,3.51
11/1/2017,3.48
11/2/2017,3.52
11/3/2017,3.52
11/6/2017,3.55
11/7/2017,3.57
11/8/2017,3.67
11/9/2017,3.79
11/10/2017,3.76
11/13/2017,3.77
11/14/2017,3.84
11/15/2017,3.97
11/16/2017,3.79
11/17/2017,3.76
11/20/2017,3.7
11/21/2017,3.66
11/22/2017,3.7
11/23/2017,3.7
11/24/2017,3.67
11/27/2017,3.66
11/28/2017,3.67
11/29/2017,3.64
11/30/2017,3.61
12/1/2017,3.63
12/4/2017,3.58
12/5/2017,3.57
12/6/2017,3.63
12/7/2017,3.63
12/8/2017,3.63
12/11/2017,3.61
12/12/2017,3.58
12/13/2017,3.64
12/14/2017,3.63
12/15/2017,3.64
12/18/2017,3.64
12/19/2017,3.6
12/20/2017,3.58
12/21/2017,3.57
12/22/2017,3.56
12/26/2017,3.57
12/27/2017,3.59
12/28/2017,3.55
12/29/2017,3.58
12/31/2017,3.63
1/2/2018,3.55
1/3/2018,3.48
1/4/2018,3.4
1/5/2018,3.36
1/8/2018,3.35
1/9/2018,3.33
1/10/2018,3.42
1/11/2018,3.4
1/12/2018,3.37
1/15/2018,3.35
1/16/2018,3.34
1/17/2018,3.34
1/18/2018,3.35
1/19/2018,3.35
1/22/2018,3.32
1/23/2018,3.31
1/24/2018,3.28
1/25/2018,3.28
1/26/2018,3.23
1/29/2018,3.26
1/30/2018,3.33
1/31/2018,3.29
2/1/2018,3.29
2/2/2018,3.36
2/5/2018,3.48
2/6/2018,3.6
2/7/2018,3.46
2/8/2018,3.59
2/9/2018,3.82
2/12/2018,3.71
2/13/2018,3.78
2/14/2018,3.69
2/15/2018,3.57
2/16/2018,3.5
2/19/2018,3.5
2/20/2018,3.48
2/21/2018,3.46
2/22/2018,3.53
2/23/2018,3.58
2/26/2018,3.5
2/27/2018,3.47
2/28/2018,3.47
3/1/2018,3.59
3/2/2018,3.65
3/5/2018,3.59
3/6/2018,3.53
3/7/2018,3.56
3/8/2018,3.56
3/9/2018,3.53
3/12/2018,3.55
3/13/2018,3.58
3/14/2018,3.62
3/15/2018,3.62
3/16/2018,3.6
3/19/2018,3.65
3/20/2018,3.62
3/21/2018,3.6
3/22/2018,3.7
3/23/2018,3.74
3/26/2018,3.73
3/27/2018,3.75
3/28/2018,3.77
3/29/2018,3.79
3/31/2018,3.72
4/2/2018,3.77
4/3/2018,3.71
4/4/2018,3.71
4/5/2018,3.59
4/6/2018,3.64
4/9/2018,3.61
4/10/2018,3.52
