DATE,BAMLC0A0CM
12/31/1996,0.6
1/2/1997,0.6
1/3/1997,0.61
1/6/1997,0.61
1/7/1997,0.61
1/8/1997,0.6
1/9/1997,0.62
1/10/1997,0.73
1/13/1997,0.61
1/14/1997,0.61
1/15/1997,0.61
1/16/1997,0.6
1/17/1997,0.6
1/20/1997,0.6
1/21/1997,0.61
1/22/1997,0.6
1/23/1997,0.6
1/24/1997,0.6
1/27/1997,0.6
1/28/1997,0.6
1/29/1997,0.6
1/30/1997,0.6
1/31/1997,0.61
2/3/1997,0.61
2/4/1997,0.61
2/5/1997,0.6
2/6/1997,0.6
2/7/1997,0.61
2/10/1997,0.6
2/11/1997,0.6
2/12/1997,0.6
2/13/1997,0.6
2/14/1997,0.59
2/18/1997,0.59
2/19/1997,0.6
2/20/1997,0.59
2/21/1997,0.59
2/24/1997,0.59
2/25/1997,0.59
2/26/1997,0.59
2/27/1997,0.59
2/28/1997,0.59
3/3/1997,0.57
3/4/1997,0.56
3/5/1997,0.56
3/6/1997,0.56
3/7/1997,0.57
3/10/1997,0.56
3/11/1997,0.56
3/12/1997,0.57
3/13/1997,0.57
3/14/1997,0.57
3/17/1997,0.57
3/18/1997,0.57
3/19/1997,0.56
3/20/1997,0.57
3/21/1997,0.57
3/24/1997,0.56
3/25/1997,0.57
3/26/1997,0.56
3/27/1997,0.56
3/31/1997,0.57
4/1/1997,0.58
4/2/1997,0.58
4/3/1997,0.58
4/4/1997,0.58
4/7/1997,0.59
4/8/1997,0.59
4/9/1997,0.58
4/10/1997,0.58
4/11/1997,0.58
4/14/1997,0.58
4/15/1997,0.58
4/16/1997,0.58
4/17/1997,0.58
4/18/1997,0.58
4/21/1997,0.58
4/22/1997,0.6
4/23/1997,0.6
4/24/1997,0.59
4/25/1997,0.59
4/28/1997,0.6
4/29/1997,0.61
4/30/1997,0.59
5/1/1997,0.59
5/2/1997,0.59
5/5/1997,0.59
5/6/1997,0.59
5/7/1997,0.59
5/8/1997,0.59
5/9/1997,0.59
5/12/1997,0.59
5/13/1997,0.59
5/14/1997,0.57
5/15/1997,0.59
5/16/1997,0.58
5/19/1997,0.59
5/20/1997,0.59
5/21/1997,0.59
5/22/1997,0.58
5/23/1997,0.59
5/27/1997,0.59
5/28/1997,0.59
5/29/1997,0.59
5/30/1997,0.6
5/31/1997,0.61
6/2/1997,0.6
6/3/1997,0.59
6/4/1997,0.59
6/5/1997,0.59
6/6/1997,0.59
6/9/1997,0.58
6/10/1997,0.58
6/11/1997,0.58
6/12/1997,0.58
6/13/1997,0.57
6/16/1997,0.57
6/17/1997,0.57
6/18/1997,0.57
6/19/1997,0.57
6/20/1997,0.57
6/23/1997,0.57
6/24/1997,0.57
6/25/1997,0.57
6/26/1997,0.57
6/27/1997,0.57
6/30/1997,0.58
7/1/1997,0.58
7/2/1997,0.57
7/3/1997,0.58
7/7/1997,0.57
7/8/1997,0.57
7/9/1997,0.57
7/10/1997,0.57
7/11/1997,0.57
7/14/1997,0.56
7/15/1997,0.57
7/16/1997,0.57
7/17/1997,0.57
7/18/1997,0.56
7/21/1997,0.56
7/22/1997,0.57
7/23/1997,0.55
7/24/1997,0.56
7/25/1997,0.56
7/28/1997,0.56
7/29/1997,0.55
7/30/1997,0.55
7/31/1997,0.56
8/1/1997,0.56
8/4/1997,0.56
8/5/1997,0.56
8/6/1997,0.57
8/7/1997,0.55
8/8/1997,0.55
8/11/1997,0.56
8/12/1997,0.56
8/13/1997,0.57
8/14/1997,0.57
8/15/1997,0.57
8/18/1997,0.57
8/19/1997,0.57
8/20/1997,0.57
8/21/1997,0.57
8/22/1997,0.56
8/25/1997,0.57
8/26/1997,0.57
8/27/1997,0.57
8/28/1997,0.58
8/29/1997,0.57
8/31/1997,0.57
9/2/1997,0.58
9/3/1997,0.58
9/4/1997,0.57
9/5/1997,0.58
9/8/1997,0.58
9/9/1997,0.58
9/10/1997,0.58
9/11/1997,0.58
9/12/1997,0.59
9/15/1997,0.58
9/16/1997,0.58
9/17/1997,0.58
9/18/1997,0.57
9/19/1997,0.57
9/22/1997,0.57
9/23/1997,0.57
9/24/1997,0.57
9/25/1997,0.57
9/26/1997,0.57
9/29/1997,0.57
9/30/1997,0.54
10/1/1997,0.55
10/2/1997,0.54
10/3/1997,0.53
10/6/1997,0.55
10/7/1997,0.54
10/8/1997,0.54
10/9/1997,0.54
10/10/1997,0.64
10/13/1997,0.64
10/14/1997,0.54
10/15/1997,0.54
10/16/1997,0.54
10/17/1997,0.55
10/20/1997,0.55
10/21/1997,0.55
10/22/1997,0.55
10/23/1997,0.57
10/24/1997,0.57
10/27/1997,0.6
10/28/1997,0.59
10/29/1997,0.59
10/30/1997,0.59
10/31/1997,0.67
11/3/1997,0.68
11/4/1997,0.68
11/5/1997,0.69
11/6/1997,0.7
11/7/1997,0.69
11/10/1997,0.69
11/11/1997,0.69
11/12/1997,0.69
11/13/1997,0.7
11/14/1997,0.7
11/17/1997,0.7
11/18/1997,0.71
11/19/1997,0.7
11/20/1997,0.71
11/21/1997,0.7
11/24/1997,0.71
11/25/1997,0.71
11/26/1997,0.71
11/27/1997,0.71
11/28/1997,0.72
11/30/1997,0.72
12/1/1997,0.72
12/2/1997,0.72
12/3/1997,0.72
12/4/1997,0.72
12/5/1997,0.72
12/8/1997,0.73
12/9/1997,0.73
12/10/1997,0.73
12/11/1997,0.72
12/12/1997,0.73
12/15/1997,0.75
12/16/1997,0.75
12/17/1997,0.75
12/18/1997,0.75
12/19/1997,0.73
12/22/1997,0.76
12/23/1997,0.77
12/24/1997,0.77
12/26/1997,0.76
12/29/1997,0.76
12/30/1997,0.77
12/31/1997,0.7
1/2/1998,0.71
1/5/1998,0.71
1/6/1998,0.72
1/7/1998,0.71
1/8/1998,0.71
1/9/1998,0.72
1/12/1998,0.72
1/13/1998,0.73
1/14/1998,0.73
1/15/1998,0.72
1/16/1998,0.73
1/19/1998,0.73
1/20/1998,0.73
1/21/1998,0.74
1/22/1998,0.73
1/23/1998,0.73
1/26/1998,0.74
1/27/1998,0.73
1/28/1998,0.75
1/29/1998,0.75
1/30/1998,0.77
1/31/1998,0.78
2/2/1998,0.78
2/3/1998,0.77
2/4/1998,0.78
2/5/1998,0.77
2/6/1998,0.78
2/9/1998,0.78
2/10/1998,0.78
2/11/1998,0.78
2/12/1998,0.77
2/13/1998,0.77
2/16/1998,0.76
2/17/1998,0.72
2/18/1998,0.76
2/19/1998,0.76
2/20/1998,0.76
2/23/1998,0.76
2/24/1998,0.76
2/25/1998,0.76
2/26/1998,0.76
2/27/1998,0.75
2/28/1998,0.76
3/2/1998,0.74
3/3/1998,0.74
3/4/1998,0.74
3/5/1998,0.74
3/6/1998,0.74
3/9/1998,0.73
3/10/1998,0.74
3/11/1998,0.74
3/12/1998,0.74
3/13/1998,0.73
3/16/1998,0.73
3/17/1998,0.73
3/18/1998,0.73
3/19/1998,0.73
3/20/1998,0.73
3/23/1998,0.73
3/24/1998,0.72
3/25/1998,0.73
3/26/1998,0.73
3/27/1998,0.73
3/30/1998,0.72
3/31/1998,0.72
4/1/1998,0.72
4/2/1998,0.72
4/3/1998,0.74
4/6/1998,0.73
4/7/1998,0.74
4/8/1998,0.72
4/9/1998,0.73
4/13/1998,0.72
4/14/1998,0.72
4/15/1998,0.72
4/16/1998,0.72
4/17/1998,0.72
4/20/1998,0.73
4/21/1998,0.74
4/22/1998,0.74
4/23/1998,0.72
4/24/1998,0.72
4/27/1998,0.72
4/28/1998,0.72
4/29/1998,0.72
4/30/1998,0.72
5/1/1998,0.71
5/4/1998,0.71
5/5/1998,0.72
5/6/1998,0.72
5/7/1998,0.72
5/8/1998,0.72
5/11/1998,0.71
5/12/1998,0.72
5/13/1998,0.72
5/14/1998,0.71
5/15/1998,0.7
5/18/1998,0.71
5/19/1998,0.7
5/20/1998,0.71
5/21/1998,0.71
5/22/1998,0.71
5/25/1998,0.71
5/26/1998,0.7
5/27/1998,0.7
5/28/1998,0.7
5/29/1998,0.7
5/31/1998,0.71
6/1/1998,0.72
6/2/1998,0.72
6/3/1998,0.72
6/4/1998,0.72
6/5/1998,0.72
6/8/1998,0.72
6/9/1998,0.72
6/10/1998,0.72
6/11/1998,0.73
6/12/1998,0.73
6/15/1998,0.73
6/16/1998,0.73
6/17/1998,0.73
6/18/1998,0.72
6/19/1998,0.73
6/22/1998,0.72
6/23/1998,0.73
6/24/1998,0.73
6/25/1998,0.73
6/26/1998,0.73
6/29/1998,0.73
6/30/1998,0.75
7/1/1998,0.77
7/2/1998,0.77
7/3/1998,0.77
7/6/1998,0.76
7/7/1998,0.76
7/8/1998,0.76
7/9/1998,0.76
7/10/1998,0.79
7/13/1998,0.79
7/14/1998,0.8
7/15/1998,0.79
7/16/1998,0.79
7/17/1998,0.8
7/20/1998,0.81
7/21/1998,0.82
7/22/1998,0.83
7/23/1998,0.84
7/24/1998,0.86
7/27/1998,0.76
7/28/1998,0.74
7/29/1998,0.77
7/30/1998,0.79
7/31/1998,0.82
8/3/1998,0.81
8/4/1998,0.81
8/5/1998,0.81
8/6/1998,0.82
8/7/1998,0.81
8/10/1998,0.82
8/11/1998,0.82
8/12/1998,0.83
8/13/1998,0.82
8/14/1998,0.83
8/17/1998,0.83
8/18/1998,0.84
8/19/1998,0.84
8/20/1998,0.85
8/21/1998,0.86
8/24/1998,0.87
8/25/1998,0.87
8/26/1998,0.88
8/27/1998,0.89
8/28/1998,1
8/31/1998,1.27
9/1/1998,1.25
9/2/1998,1.26
9/3/1998,1.26
9/4/1998,1.26
9/7/1998,1.25
9/8/1998,1.23
9/9/1998,1.25
9/10/1998,1.26
9/11/1998,1.26
9/14/1998,1.25
9/15/1998,1.24
9/16/1998,1.26
9/17/1998,1.25
9/18/1998,1.25
9/21/1998,1.24
9/22/1998,1.25
9/23/1998,1.26
9/24/1998,1.27
9/25/1998,1.27
9/28/1998,1.27
9/29/1998,1.3
9/30/1998,1.32
10/1/1998,1.32
10/2/1998,1.35
10/5/1998,1.36
10/6/1998,1.35
10/7/1998,1.35
10/8/1998,1.34
10/9/1998,1.36
10/12/1998,1.37
10/13/1998,1.38
10/14/1998,1.39
10/15/1998,1.41
10/16/1998,1.4
10/19/1998,1.41
10/20/1998,1.41
10/21/1998,1.41
10/22/1998,1.4
10/23/1998,1.37
10/26/1998,1.4
10/27/1998,1.39
10/28/1998,1.4
10/29/1998,1.43
10/30/1998,1.46
10/31/1998,1.48
11/2/1998,1.46
11/3/1998,1.47
11/4/1998,1.47
11/5/1998,1.44
11/6/1998,1.43
11/9/1998,1.42
11/10/1998,1.41
11/11/1998,1.41
11/12/1998,1.41
11/13/1998,1.42
11/16/1998,1.41
11/17/1998,1.39
11/18/1998,1.4
11/19/1998,1.4
11/20/1998,1.39
11/23/1998,1.38
11/24/1998,1.36
11/25/1998,1.33
11/26/1998,1.33
11/27/1998,1.32
11/30/1998,1.23
12/1/1998,1.23
12/2/1998,1.23
12/3/1998,1.22
12/4/1998,1.23
12/7/1998,1.21
12/8/1998,1.21
12/9/1998,1.2
12/10/1998,1.21
12/11/1998,1.22
12/14/1998,1.25
12/15/1998,1.25
12/16/1998,1.25
12/17/1998,1.24
12/18/1998,1.23
12/21/1998,1.23
12/22/1998,1.24
12/23/1998,1.24
12/24/1998,1.25
12/28/1998,1.29
12/29/1998,1.33
12/30/1998,1.47
12/31/1998,1.19
1/4/1999,1.2
1/5/1999,1.21
1/6/1999,1.21
1/7/1999,1.2
1/8/1999,1.16
1/11/1999,1.14
1/12/1999,1.16
1/13/1999,1.17
1/14/1999,1.16
1/15/1999,1.17
1/18/1999,1.18
1/19/1999,1.16
1/20/1999,1.17
1/21/1999,1.19
1/22/1999,1.18
1/25/1999,1.17
1/26/1999,1.18
1/27/1999,1.19
1/28/1999,1.18
1/29/1999,1.15
1/31/1999,1.16
2/1/1999,1.16
2/2/1999,1.15
2/3/1999,1.16
2/4/1999,1.17
2/5/1999,1.14
2/8/1999,1.14
2/9/1999,1.17
2/10/1999,1.12
2/11/1999,1.12
2/12/1999,1.14
2/15/1999,1.13
2/16/1999,1.13
2/17/1999,1.12
2/18/1999,1.09
2/19/1999,1.1
2/22/1999,1.12
2/23/1999,1.1
2/24/1999,1.11
2/25/1999,1.08
2/26/1999,1.08
2/28/1999,1.09
3/1/1999,1.08
3/2/1999,1.09
3/3/1999,1.06
3/4/1999,1.07
3/5/1999,1.07
3/8/1999,1.06
3/9/1999,1.06
3/10/1999,1.06
3/11/1999,1.05
3/12/1999,1.06
3/15/1999,1.04
3/16/1999,1.04
3/17/1999,1.03
3/18/1999,1.03
3/19/1999,1.02
3/22/1999,1.02
3/23/1999,1.04
3/24/1999,1.03
3/25/1999,1.02
3/26/1999,1.02
3/29/1999,1.02
3/30/1999,1.02
3/31/1999,1.07
4/1/1999,1.03
4/2/1999,1.03
4/5/1999,1.04
4/6/1999,1.04
4/7/1999,1.04
4/8/1999,1.04
4/9/1999,1.05
4/12/1999,1.04
4/13/1999,1.05
4/14/1999,1.04
4/15/1999,1.04
4/16/1999,1.03
4/19/1999,1.02
4/20/1999,1.03
4/21/1999,1.03
4/22/1999,1.03
4/23/1999,1.03
4/26/1999,1.04
4/27/1999,1.04
4/28/1999,1.04
4/29/1999,1.05
4/30/1999,1.07
5/3/1999,1.04
5/4/1999,1.04
5/5/1999,1.04
5/6/1999,1.03
5/7/1999,1.03
5/10/1999,1.02
5/11/1999,1.02
5/12/1999,1.02
5/13/1999,1.02
5/14/1999,1.02
5/17/1999,1.01
5/18/1999,0.96
5/19/1999,1.02
5/20/1999,1.05
5/21/1999,1.04
5/24/1999,1.03
5/25/1999,1.06
5/26/1999,1.05
5/27/1999,1.05
5/28/1999,1.08
5/31/1999,1.09
6/1/1999,1.09
6/2/1999,1.08
6/3/1999,1.09
6/4/1999,1.09
6/7/1999,1.1
6/8/1999,1.1
6/9/1999,1.09
6/10/1999,1.09
6/11/1999,1.09
6/14/1999,1.1
6/15/1999,1.1
6/16/1999,1.1
6/17/1999,1.1
6/18/1999,1.1
6/21/1999,1.1
6/22/1999,1.1
6/23/1999,1.1
6/24/1999,1.1
6/25/1999,1.09
6/28/1999,1.09
6/29/1999,1.09
6/30/1999,1.15
7/1/1999,1.14
7/2/1999,1.13
7/5/1999,1.13
7/6/1999,1.13
7/7/1999,1.14
7/8/1999,1.14
7/9/1999,1.14
7/12/1999,1.14
7/13/1999,1.13
7/14/1999,1.13
7/15/1999,1.13
7/16/1999,1.13
7/19/1999,1.13
7/20/1999,1.13
7/21/1999,1.13
7/22/1999,1.13
7/23/1999,1.13
7/26/1999,1.16
7/27/1999,1.17
7/28/1999,1.16
7/29/1999,1.16
7/30/1999,1.21
7/31/1999,1.21
8/2/1999,1.21
8/3/1999,1.2
8/4/1999,1.21
8/5/1999,1.22
8/6/1999,1.21
8/9/1999,1.23
8/10/1999,1.24
8/11/1999,1.23
8/12/1999,1.23
8/13/1999,1.24
8/16/1999,1.23
8/17/1999,1.23
8/18/1999,1.24
8/19/1999,1.24
8/20/1999,1.24
8/23/1999,1.23
8/24/1999,1.23
8/25/1999,1.24
8/26/1999,1.25
8/27/1999,1.24
8/30/1999,1.24
8/31/1999,1.28
9/1/1999,1.28
9/2/1999,1.29
9/3/1999,1.28
9/6/1999,1.27
9/7/1999,1.28
9/8/1999,1.28
9/9/1999,1.27
9/10/1999,1.27
9/13/1999,1.26
9/14/1999,1.26
9/15/1999,1.25
9/16/1999,1.25
9/17/1999,1.25
9/20/1999,1.25
9/21/1999,1.25
9/22/1999,1.25
9/23/1999,1.24
9/24/1999,1.26
9/27/1999,1.26
9/28/1999,1.25
9/29/1999,1.25
9/30/1999,1.21
10/1/1999,1.21
10/4/1999,1.19
10/5/1999,1.29
10/6/1999,1.23
10/7/1999,1.21
10/8/1999,1.22
10/11/1999,1.2
10/12/1999,1.19
10/13/1999,1.23
10/14/1999,1.19
10/15/1999,1.14
10/18/1999,1.2
10/19/1999,1.24
10/20/1999,1.17
10/21/1999,1.22
10/22/1999,1.19
10/25/1999,1.14
10/26/1999,1.19
10/27/1999,1.16
10/28/1999,1.19
10/29/1999,1.17
10/31/1999,1.17
11/1/1999,1.21
11/2/1999,1.21
11/3/1999,1.21
11/4/1999,1.21
11/5/1999,1.22
11/8/1999,1.2
11/9/1999,1.2
11/10/1999,1.2
11/11/1999,1.22
11/12/1999,1.2
11/15/1999,1.21
11/16/1999,1.19
11/17/1999,1.21
11/18/1999,1.21
11/19/1999,1.21
11/22/1999,1.2
11/23/1999,1.2
11/24/1999,1.2
11/25/1999,1.2
11/26/1999,1.19
11/29/1999,1.17
11/30/1999,1.17
12/1/1999,1.17
12/2/1999,1.17
12/3/1999,1.17
12/6/1999,1.16
12/7/1999,1.17
12/8/1999,1.16
12/9/1999,1.17
12/10/1999,1.17
12/13/1999,1.18
12/14/1999,1.17
12/15/1999,1.17
12/16/1999,1.16
12/17/1999,1.16
12/20/1999,1.15
12/21/1999,1.15
12/22/1999,1.15
12/23/1999,1.15
12/24/1999,1.15
12/27/1999,1.15
12/28/1999,1.14
12/29/1999,1.12
12/30/1999,1.12
12/31/1999,1.16
1/3/2000,1.16
1/4/2000,1.16
1/5/2000,1.18
1/6/2000,1.18
1/7/2000,1.2
1/10/2000,1.18
1/11/2000,1.17
1/12/2000,1.16
1/13/2000,1.18
1/14/2000,1.19
1/17/2000,1.2
1/18/2000,1.19
1/19/2000,1.19
1/20/2000,1.18
1/21/2000,1.19
1/24/2000,1.19
1/25/2000,1.18
1/26/2000,1.18
1/27/2000,1.18
1/28/2000,1.17
1/31/2000,1.22
2/1/2000,1.21
2/2/2000,1.19
2/3/2000,1.2
2/4/2000,1.17
2/7/2000,1.18
2/8/2000,1.19
2/9/2000,1.2
2/10/2000,1.21
2/11/2000,1.21
2/14/2000,1.21
2/15/2000,1.21
2/16/2000,1.21
2/17/2000,1.2
2/18/2000,1.21
2/21/2000,1.21
2/22/2000,1.22
2/23/2000,1.21
2/24/2000,1.22
2/25/2000,1.22
2/28/2000,1.26
2/29/2000,1.29
3/1/2000,1.3
3/2/2000,1.31
3/3/2000,1.32
3/6/2000,1.32
3/7/2000,1.32
3/8/2000,1.32
3/9/2000,1.32
3/10/2000,1.31
3/13/2000,1.33
3/14/2000,1.34
3/15/2000,1.34
3/16/2000,1.34
3/17/2000,1.34
3/20/2000,1.34
3/21/2000,1.35
3/22/2000,1.35
3/23/2000,1.34
3/24/2000,1.34
3/27/2000,1.35
3/28/2000,1.37
3/29/2000,1.37
3/30/2000,1.45
3/31/2000,1.48
4/3/2000,1.48
4/4/2000,1.49
4/5/2000,1.49
4/6/2000,1.49
4/7/2000,1.51
4/10/2000,1.53
4/11/2000,1.55
4/12/2000,1.54
4/13/2000,1.55
4/14/2000,1.57
4/17/2000,1.55
4/18/2000,1.55
4/19/2000,1.55
4/20/2000,1.56
4/24/2000,1.54
4/25/2000,1.55
4/26/2000,1.57
4/27/2000,1.59
4/28/2000,1.63
4/30/2000,1.61
5/1/2000,1.62
5/2/2000,1.62
5/3/2000,1.62
5/4/2000,1.61
5/5/2000,1.61
5/8/2000,1.62
5/9/2000,1.63
5/10/2000,1.64
5/11/2000,1.64
5/12/2000,1.65
5/15/2000,1.66
5/16/2000,1.68
5/17/2000,1.69
5/18/2000,1.68
5/19/2000,1.68
5/22/2000,1.68
5/23/2000,1.69
5/24/2000,1.69
5/25/2000,1.74
5/26/2000,1.73
5/29/2000,1.74
5/30/2000,1.74
5/31/2000,1.77
6/1/2000,1.77
6/2/2000,1.78
6/5/2000,1.75
6/6/2000,1.75
6/7/2000,1.72
6/8/2000,1.73
6/9/2000,1.72
6/12/2000,1.72
6/13/2000,1.71
6/14/2000,1.71
6/15/2000,1.7
6/16/2000,1.7
6/19/2000,1.69
6/20/2000,1.69
6/21/2000,1.68
6/22/2000,1.69
6/23/2000,1.68
6/26/2000,1.69
6/27/2000,1.69
6/28/2000,1.69
6/29/2000,1.69
6/30/2000,1.71
7/3/2000,1.71
7/4/2000,1.71
7/5/2000,1.71
7/6/2000,1.71
7/7/2000,1.71
7/10/2000,1.71
7/11/2000,1.7
7/12/2000,1.7
7/13/2000,1.7
7/14/2000,1.69
7/17/2000,1.68
7/18/2000,1.67
7/19/2000,1.67
7/20/2000,1.68
7/21/2000,1.67
7/24/2000,1.68
7/25/2000,1.68
7/26/2000,1.65
7/27/2000,1.67
7/28/2000,1.66
7/31/2000,1.69
8/1/2000,1.68
8/2/2000,1.69
8/3/2000,1.69
8/4/2000,1.69
8/7/2000,1.69
8/8/2000,1.68
8/9/2000,1.68
8/10/2000,1.69
8/11/2000,1.69
8/14/2000,1.68
8/15/2000,1.68
8/16/2000,1.68
8/17/2000,1.68
8/18/2000,1.69
8/21/2000,1.7
8/22/2000,1.71
8/23/2000,1.71
8/24/2000,1.72
8/25/2000,1.71
8/28/2000,1.72
8/29/2000,1.71
8/30/2000,1.71
8/31/2000,1.72
9/1/2000,1.72
9/4/2000,1.72
9/5/2000,1.72
9/6/2000,1.72
9/7/2000,1.72
9/8/2000,1.72
9/11/2000,1.72
9/12/2000,1.71
9/13/2000,1.71
9/14/2000,1.72
9/15/2000,1.7
9/18/2000,1.7
9/19/2000,1.69
9/20/2000,1.68
9/21/2000,1.68
9/22/2000,1.69
9/25/2000,1.67
9/26/2000,1.69
9/27/2000,1.67
9/28/2000,1.65
9/29/2000,1.65
9/30/2000,1.66
10/2/2000,1.66
10/3/2000,1.66
10/4/2000,1.67
10/5/2000,1.68
10/6/2000,1.68
10/9/2000,1.69
10/10/2000,1.71
10/11/2000,1.72
10/12/2000,1.74
10/13/2000,1.76
10/16/2000,1.76
10/17/2000,1.79
10/18/2000,1.81
10/19/2000,1.8
10/20/2000,1.81
10/23/2000,1.83
10/24/2000,1.83
10/25/2000,1.82
10/26/2000,1.83
10/27/2000,1.84
10/30/2000,1.87
10/31/2000,1.89
11/1/2000,1.88
11/2/2000,1.88
11/3/2000,1.87
11/6/2000,1.86
11/7/2000,1.86
11/8/2000,1.86
11/9/2000,1.86
11/10/2000,1.87
11/13/2000,1.87
11/14/2000,1.86
11/15/2000,1.87
11/16/2000,1.87
11/17/2000,1.88
11/20/2000,1.9
11/21/2000,1.9
11/22/2000,1.92
11/23/2000,1.92
11/24/2000,1.92
11/27/2000,1.94
11/28/2000,1.95
11/29/2000,1.96
11/30/2000,1.99
12/1/2000,1.99
12/4/2000,2.01
12/5/2000,2.03
12/6/2000,2.02
12/7/2000,2.04
12/8/2000,2.04
12/11/2000,2.02
12/12/2000,2.02
12/13/2000,2.02
12/14/2000,2
12/15/2000,1.99
12/18/2000,1.99
12/19/2000,1.99
12/20/2000,1.98
12/21/2000,1.99
12/22/2000,2
12/26/2000,2.02
12/27/2000,2.02
12/28/2000,2.03
12/29/2000,2.03
12/31/2000,2.02
1/2/2001,2.04
1/3/2001,2.02
1/4/2001,2
1/5/2001,2.01
1/8/2001,1.99
1/9/2001,1.96
1/10/2001,1.95
1/11/2001,1.94
1/12/2001,1.94
1/15/2001,1.93
1/16/2001,1.94
1/17/2001,1.94
1/18/2001,1.93
1/19/2001,1.91
1/22/2001,1.89
1/23/2001,1.82
1/24/2001,1.85
1/25/2001,1.83
1/26/2001,1.84
1/29/2001,1.83
1/30/2001,1.79
1/31/2001,1.76
2/1/2001,1.74
2/2/2001,1.74
2/5/2001,1.75
2/6/2001,1.76
2/7/2001,1.76
2/8/2001,1.76
2/9/2001,1.77
2/12/2001,1.78
2/13/2001,1.77
2/14/2001,1.77
2/15/2001,1.78
2/16/2001,1.78
2/19/2001,1.78
2/20/2001,1.78
2/21/2001,1.78
2/22/2001,1.8
2/23/2001,1.81
2/26/2001,1.82
2/27/2001,1.81
2/28/2001,1.81
3/1/2001,1.78
3/2/2001,1.79
3/5/2001,1.78
3/6/2001,1.78
3/7/2001,1.77
3/8/2001,1.76
3/9/2001,1.76
3/12/2001,1.77
3/13/2001,1.78
3/14/2001,1.79
3/15/2001,1.79
3/16/2001,1.78
3/19/2001,1.77
3/20/2001,1.78
3/21/2001,1.78
3/22/2001,1.79
3/23/2001,1.8
3/26/2001,1.79
3/27/2001,1.78
3/28/2001,1.8
3/29/2001,1.79
3/30/2001,1.78
3/31/2001,1.77
4/2/2001,1.77
4/3/2001,1.8
4/4/2001,1.83
4/5/2001,1.89
4/6/2001,1.81
4/9/2001,1.82
4/10/2001,1.82
4/11/2001,1.81
4/12/2001,1.81
4/16/2001,1.81
4/17/2001,1.81
4/18/2001,1.82
4/19/2001,1.79
4/20/2001,1.78
4/23/2001,1.79
4/24/2001,1.78
4/25/2001,1.78
4/26/2001,1.79
4/27/2001,1.79
4/30/2001,1.63
5/1/2001,1.61
5/2/2001,1.6
5/3/2001,1.61
5/4/2001,1.63
5/7/2001,1.62
5/8/2001,1.62
5/9/2001,1.62
5/10/2001,1.62
5/11/2001,1.61
5/14/2001,1.61
5/15/2001,1.59
5/16/2001,1.57
5/17/2001,1.55
5/18/2001,1.57
5/21/2001,1.56
5/22/2001,1.56
5/23/2001,1.56
5/24/2001,1.55
5/25/2001,1.55
5/28/2001,1.55
5/29/2001,1.54
5/30/2001,1.53
5/31/2001,1.55
6/1/2001,1.53
6/4/2001,1.53
6/5/2001,1.51
6/6/2001,1.51
6/7/2001,1.51
6/8/2001,1.51
6/11/2001,1.51
6/12/2001,1.51
6/13/2001,1.51
6/14/2001,1.51
6/15/2001,1.52
6/18/2001,1.54
6/19/2001,1.54
6/20/2001,1.56
6/21/2001,1.56
6/22/2001,1.56
6/25/2001,1.55
6/26/2001,1.55
6/27/2001,1.54
6/28/2001,1.54
6/29/2001,1.55
6/30/2001,1.55
7/2/2001,1.56
7/3/2001,1.52
7/4/2001,1.52
7/5/2001,1.55
7/6/2001,1.55
7/9/2001,1.53
7/10/2001,1.54
7/11/2001,1.54
7/12/2001,1.55
7/13/2001,1.54
7/16/2001,1.54
7/17/2001,1.54
7/18/2001,1.54
7/19/2001,1.54
7/20/2001,1.53
7/23/2001,1.51
7/24/2001,1.51
7/25/2001,1.51
7/26/2001,1.51
7/27/2001,1.51
7/30/2001,1.5
7/31/2001,1.5
8/1/2001,1.49
8/2/2001,1.49
8/3/2001,1.49
8/6/2001,1.49
8/7/2001,1.49
8/8/2001,1.49
8/9/2001,1.49
8/10/2001,1.49
8/13/2001,1.5
8/14/2001,1.5
8/15/2001,1.51
8/16/2001,1.52
8/17/2001,1.53
8/20/2001,1.54
8/21/2001,1.55
8/22/2001,1.53
8/23/2001,1.53
8/24/2001,1.53
8/27/2001,1.53
8/28/2001,1.52
8/29/2001,1.52
8/30/2001,1.52
8/31/2001,1.53
9/3/2001,1.53
9/4/2001,1.53
9/5/2001,1.55
9/6/2001,1.56
9/7/2001,1.57
9/10/2001,1.59
9/14/2001,1.8
9/17/2001,1.83
9/18/2001,1.88
9/19/2001,1.82
9/20/2001,1.84
9/21/2001,1.87
9/24/2001,2.03
9/25/2001,1.88
9/26/2001,1.88
9/27/2001,1.9
9/28/2001,1.85
9/30/2001,1.85
10/1/2001,1.85
10/2/2001,1.85
10/3/2001,1.85
10/4/2001,1.84
10/5/2001,1.84
10/8/2001,1.84
10/9/2001,1.85
10/10/2001,1.86
10/11/2001,1.85
10/12/2001,1.84
10/15/2001,1.84
10/16/2001,1.85
10/17/2001,1.83
10/18/2001,1.84
10/19/2001,1.83
10/22/2001,1.83
10/23/2001,1.83
10/24/2001,1.84
10/25/2001,1.85
10/26/2001,1.86
10/29/2001,1.87
10/30/2001,1.89
10/31/2001,1.93
11/1/2001,1.93
11/2/2001,1.94
11/5/2001,1.94
11/6/2001,1.92
11/7/2001,1.93
11/8/2001,1.92
11/9/2001,1.91
11/12/2001,1.9
11/13/2001,1.89
11/14/2001,1.86
11/15/2001,1.83
11/16/2001,1.81
11/19/2001,1.8
11/20/2001,1.8
11/21/2001,1.78
11/22/2001,1.78
11/23/2001,1.74
11/26/2001,1.73
11/27/2001,1.7
11/28/2001,1.71
11/29/2001,1.71
11/30/2001,1.71
12/3/2001,1.74
12/4/2001,1.74
12/5/2001,1.72
12/6/2001,1.68
12/7/2001,1.67
12/10/2001,1.69
12/11/2001,1.72
12/12/2001,1.72
12/13/2001,1.73
12/14/2001,1.72
12/17/2001,1.62
12/18/2001,1.73
12/19/2001,1.73
12/20/2001,1.72
12/21/2001,1.7
12/24/2001,1.7
12/26/2001,1.69
12/27/2001,1.68
12/28/2001,1.68
12/31/2001,1.65
1/2/2002,1.64
1/3/2002,1.63
1/4/2002,1.62
1/7/2002,1.63
1/8/2002,1.64
1/9/2002,1.64
1/10/2002,1.65
1/11/2002,1.65
1/14/2002,1.65
1/15/2002,1.65
1/16/2002,1.66
1/17/2002,1.67
1/18/2002,1.65
1/21/2002,1.65
1/22/2002,1.65
1/23/2002,1.65
1/24/2002,1.62
1/25/2002,1.62
1/28/2002,1.61
1/29/2002,1.64
1/30/2002,1.72
1/31/2002,1.71
2/1/2002,1.71
2/4/2002,1.76
2/5/2002,1.83
2/6/2002,1.87
2/7/2002,1.87
2/8/2002,1.83
2/11/2002,1.85
2/12/2002,1.83
2/13/2002,1.83
2/14/2002,1.81
2/15/2002,1.84
2/18/2002,1.84
2/19/2002,1.86
2/20/2002,1.87
2/21/2002,1.86
2/22/2002,1.87
2/25/2002,1.84
2/26/2002,1.82
2/27/2002,1.82
2/28/2002,1.81
3/1/2002,1.78
3/4/2002,1.78
3/5/2002,1.77
3/6/2002,1.76
3/7/2002,1.73
3/8/2002,1.71
3/11/2002,1.7
3/12/2002,1.71
3/13/2002,1.72
3/14/2002,1.7
3/15/2002,1.69
3/18/2002,1.7
3/19/2002,1.7
3/20/2002,1.69
3/21/2002,1.69
3/22/2002,1.68
3/25/2002,1.68
3/26/2002,1.69
3/27/2002,1.7
3/28/2002,1.71
3/31/2002,1.71
4/1/2002,1.7
4/2/2002,1.71
4/3/2002,1.7
4/4/2002,1.71
4/5/2002,1.72
4/8/2002,1.72
4/9/2002,1.72
4/10/2002,1.72
4/11/2002,1.75
4/12/2002,1.74
4/15/2002,1.74
4/16/2002,1.75
4/17/2002,1.72
4/18/2002,1.7
4/19/2002,1.71
4/22/2002,1.75
4/23/2002,1.78
4/24/2002,1.79
4/25/2002,1.81
4/26/2002,1.82
4/29/2002,1.87
4/30/2002,1.88
5/1/2002,1.92
5/2/2002,1.92
5/3/2002,1.9
5/6/2002,1.91
5/7/2002,1.92
5/8/2002,1.89
5/9/2002,1.89
5/10/2002,1.89
5/13/2002,1.89
5/14/2002,1.89
5/15/2002,1.88
5/16/2002,1.89
5/17/2002,1.88
5/20/2002,1.88
5/21/2002,1.87
5/22/2002,1.87
5/23/2002,1.86
5/24/2002,1.84
5/27/2002,1.84
5/28/2002,1.83
5/29/2002,1.82
5/30/2002,1.83
5/31/2002,1.62
6/3/2002,1.63
6/4/2002,1.62
6/5/2002,1.61
6/6/2002,1.62
6/7/2002,1.64
6/10/2002,1.64
6/11/2002,1.66
6/12/2002,1.68
6/13/2002,1.67
6/14/2002,1.69
6/17/2002,1.68
6/18/2002,1.68
6/19/2002,1.7
6/20/2002,1.72
6/21/2002,1.73
6/24/2002,1.76
6/25/2002,1.76
6/26/2002,1.86
6/27/2002,1.86
6/28/2002,1.9
6/30/2002,1.87
7/1/2002,1.85
7/2/2002,1.9
7/3/2002,1.92
7/4/2002,1.92
7/5/2002,1.89
7/8/2002,1.89
7/9/2002,1.88
7/10/2002,1.88
7/11/2002,1.92
7/12/2002,1.92
7/15/2002,1.96
7/16/2002,1.97
7/17/2002,2
7/18/2002,1.98
7/19/2002,2.03
7/22/2002,2.07
7/23/2002,2.14
7/24/2002,2.3
7/25/2002,2.3
7/26/2002,2.38
7/29/2002,2.38
7/30/2002,2.37
7/31/2002,2.27
8/1/2002,2.26
8/2/2002,2.29
8/5/2002,2.38
8/6/2002,2.4
8/7/2002,2.38
8/8/2002,2.38
8/9/2002,2.41
8/12/2002,2.42
8/13/2002,2.44
8/14/2002,2.41
8/15/2002,2.38
8/16/2002,2.36
8/19/2002,2.34
8/20/2002,2.29
8/21/2002,2.27
8/22/2002,2.25
8/23/2002,2.24
8/26/2002,2.23
8/27/2002,2.22
8/28/2002,2.22
8/29/2002,2.23
8/30/2002,2.22
8/31/2002,2.22
9/2/2002,2.22
9/3/2002,2.27
9/4/2002,2.28
9/5/2002,2.29
9/6/2002,2.28
9/9/2002,2.28
9/10/2002,2.26
9/11/2002,2.26
9/12/2002,2.24
9/13/2002,2.23
9/16/2002,2.21
9/17/2002,2.2
9/18/2002,2.21
9/19/2002,2.23
9/20/2002,2.26
9/23/2002,2.29
9/24/2002,2.35
9/25/2002,2.33
9/26/2002,2.32
9/27/2002,2.33
9/30/2002,2.37
10/1/2002,2.36
10/2/2002,2.35
10/3/2002,2.37
10/4/2002,2.42
10/7/2002,2.47
10/8/2002,2.57
10/9/2002,2.67
10/10/2002,2.72
10/11/2002,2.65
10/14/2002,2.65
10/15/2002,2.59
10/16/2002,2.62
10/17/2002,2.61
10/18/2002,2.62
10/21/2002,2.6
10/22/2002,2.59
10/23/2002,2.6
10/24/2002,2.58
10/25/2002,2.57
10/28/2002,2.54
10/29/2002,2.55
10/30/2002,2.55
10/31/2002,2.46
11/1/2002,2.45
11/4/2002,2.41
11/5/2002,2.38
11/6/2002,2.32
11/7/2002,2.28
11/8/2002,2.3
11/11/2002,2.3
11/12/2002,2.3
11/13/2002,2.3
11/14/2002,2.22
11/15/2002,2.18
11/18/2002,2.12
11/19/2002,2.1
11/20/2002,2.06
11/21/2002,2.01
11/22/2002,2
11/25/2002,2
11/26/2002,2.02
11/27/2002,1.98
11/28/2002,1.98
11/29/2002,2
11/30/2002,1.98
12/2/2002,1.93
12/3/2002,1.95
12/4/2002,1.97
12/5/2002,1.97
12/6/2002,1.97
12/9/2002,1.98
12/10/2002,1.99
12/11/2002,1.97
12/12/2002,1.96
12/13/2002,1.96
12/16/2002,1.93
12/17/2002,1.9
12/18/2002,1.9
12/19/2002,1.9
12/20/2002,1.89
12/23/2002,1.9
12/24/2002,1.9
12/26/2002,1.9
12/27/2002,1.9
12/30/2002,1.89
12/31/2002,1.88
1/2/2003,1.86
1/3/2003,1.85
1/6/2003,1.82
1/7/2003,1.81
1/8/2003,1.8
1/9/2003,1.77
1/10/2003,1.75
1/13/2003,1.73
1/14/2003,1.73
1/15/2003,1.73
1/16/2003,1.74
1/17/2003,1.75
1/20/2003,1.75
1/21/2003,1.75
1/22/2003,1.77
1/23/2003,1.75
1/24/2003,1.76
1/27/2003,1.76
1/28/2003,1.75
1/29/2003,1.75
1/30/2003,1.74
1/31/2003,1.74
2/3/2003,1.71
2/4/2003,1.71
2/5/2003,1.69
2/6/2003,1.7
2/7/2003,1.7
2/10/2003,1.69
2/11/2003,1.69
2/12/2003,1.69
2/13/2003,1.72
2/14/2003,1.71
2/17/2003,1.7
2/18/2003,1.7
2/19/2003,1.7
2/20/2003,1.69
2/21/2003,1.68
2/24/2003,1.67
2/25/2003,1.69
2/26/2003,1.68
2/27/2003,1.67
2/28/2003,1.66
3/3/2003,1.63
3/4/2003,1.64
3/5/2003,1.67
3/6/2003,1.67
3/7/2003,1.69
3/10/2003,1.7
3/11/2003,1.7
3/12/2003,1.71
3/13/2003,1.68
3/14/2003,1.68
3/17/2003,1.67
3/18/2003,1.66
3/19/2003,1.65
3/20/2003,1.65
3/21/2003,1.62
3/24/2003,1.62
3/25/2003,1.62
3/26/2003,1.6
3/27/2003,1.59
3/28/2003,1.58
3/31/2003,1.58
4/1/2003,1.57
4/2/2003,1.56
4/3/2003,1.54
4/4/2003,1.55
4/7/2003,1.53
4/8/2003,1.54
4/9/2003,1.54
4/10/2003,1.54
4/11/2003,1.53
4/14/2003,1.53
4/15/2003,1.5
4/16/2003,1.47
4/17/2003,1.45
4/21/2003,1.43
4/22/2003,1.41
4/23/2003,1.39
4/24/2003,1.38
4/25/2003,1.37
4/28/2003,1.36
4/29/2003,1.35
4/30/2003,1.34
5/1/2003,1.33
5/2/2003,1.3
5/5/2003,1.29
5/6/2003,1.28
5/7/2003,1.28
5/8/2003,1.28
5/9/2003,1.29
5/12/2003,1.29
5/13/2003,1.31
5/14/2003,1.32
5/15/2003,1.33
5/16/2003,1.33
5/19/2003,1.33
5/20/2003,1.35
5/21/2003,1.36
5/22/2003,1.36
5/23/2003,1.34
5/26/2003,1.34
5/27/2003,1.33
5/28/2003,1.33
5/29/2003,1.32
5/30/2003,1.32
5/31/2003,1.32
6/2/2003,1.31
6/3/2003,1.32
6/4/2003,1.32
6/5/2003,1.31
6/6/2003,1.3
6/9/2003,1.29
6/10/2003,1.29
6/11/2003,1.28
6/12/2003,1.28
6/13/2003,1.27
6/16/2003,1.25
6/17/2003,1.23
6/18/2003,1.23
6/19/2003,1.23
6/20/2003,1.23
6/23/2003,1.24
6/24/2003,1.24
6/25/2003,1.23
6/26/2003,1.23
6/27/2003,1.22
6/30/2003,1.23
7/1/2003,1.24
7/2/2003,1.24
7/3/2003,1.23
7/4/2003,1.23
7/7/2003,1.22
7/8/2003,1.21
7/9/2003,1.21
7/10/2003,1.21
7/11/2003,1.22
7/14/2003,1.2
7/15/2003,1.19
7/16/2003,1.19
7/17/2003,1.18
7/18/2003,1.18
7/21/2003,1.17
7/22/2003,1.16
7/23/2003,1.17
7/24/2003,1.15
7/25/2003,1.15
7/28/2003,1.16
7/29/2003,1.15
7/30/2003,1.17
7/31/2003,1.19
8/1/2003,1.2
8/4/2003,1.2
8/5/2003,1.21
8/6/2003,1.23
8/7/2003,1.23
8/8/2003,1.22
8/11/2003,1.22
8/12/2003,1.23
8/13/2003,1.24
8/14/2003,1.24
8/15/2003,1.23
8/18/2003,1.23
8/19/2003,1.22
8/20/2003,1.21
8/21/2003,1.19
8/22/2003,1.19
8/25/2003,1.18
8/26/2003,1.18
8/27/2003,1.18
8/28/2003,1.18
8/29/2003,1.17
8/31/2003,1.18
9/1/2003,1.18
9/2/2003,1.15
9/3/2003,1.15
9/4/2003,1.17
9/5/2003,1.17
9/8/2003,1.17
9/9/2003,1.17
9/10/2003,1.17
9/11/2003,1.16
9/12/2003,1.16
9/15/2003,1.15
9/16/2003,1.15
9/17/2003,1.15
9/18/2003,1.13
9/19/2003,1.12
9/22/2003,1.12
9/23/2003,1.13
9/24/2003,1.13
9/25/2003,1.12
9/26/2003,1.12
9/29/2003,1.13
9/30/2003,1.13
10/1/2003,1.13
10/2/2003,1.12
10/3/2003,1.11
10/6/2003,1.12
10/7/2003,1.11
10/8/2003,1.11
10/9/2003,1.1
10/10/2003,1.09
10/13/2003,1.09
10/14/2003,1.09
10/15/2003,1.07
10/16/2003,1.06
10/17/2003,1.05
10/20/2003,1.03
10/21/2003,1.05
10/22/2003,1.06
10/23/2003,1.07
10/24/2003,1.07
10/27/2003,1.06
10/28/2003,1.06
10/29/2003,1.06
10/30/2003,1.05
10/31/2003,1.05
11/3/2003,1.06
11/4/2003,1.06
11/5/2003,1.07
11/6/2003,1.07
11/7/2003,1.06
11/10/2003,1.06
11/11/2003,1.05
11/12/2003,1.03
11/13/2003,1.03
11/14/2003,1.03
11/17/2003,1.02
11/18/2003,1.02
11/19/2003,1.03
11/20/2003,1.03
11/21/2003,1.03
11/24/2003,1.02
11/25/2003,1.02
11/26/2003,1.01
11/27/2003,1.01
11/28/2003,1.01
11/30/2003,1.01
12/1/2003,1
12/2/2003,0.99
12/3/2003,0.99
12/4/2003,0.98
12/5/2003,0.99
12/8/2003,0.98
12/9/2003,0.97
12/10/2003,0.97
12/11/2003,0.99
12/12/2003,0.99
12/15/2003,0.97
12/16/2003,0.98
12/17/2003,0.98
12/18/2003,0.97
12/19/2003,0.96
12/22/2003,0.96
12/23/2003,0.96
12/24/2003,0.97
12/26/2003,0.96
12/29/2003,0.95
12/30/2003,0.96
12/31/2003,0.95
1/2/2004,0.94
1/5/2004,0.93
1/6/2004,0.93
1/7/2004,0.93
1/8/2004,0.93
1/9/2004,0.93
1/12/2004,0.94
1/13/2004,0.93
1/14/2004,0.94
1/15/2004,0.93
1/16/2004,0.93
1/19/2004,0.92
1/20/2004,0.92
1/21/2004,0.92
1/22/2004,0.92
1/23/2004,0.91
1/26/2004,0.91
1/27/2004,0.92
1/28/2004,0.91
1/29/2004,0.92
1/30/2004,0.92
1/31/2004,0.93
2/2/2004,0.93
2/3/2004,0.94
2/4/2004,0.94
2/5/2004,0.94
2/6/2004,0.94
2/9/2004,0.93
2/10/2004,0.93
2/11/2004,0.95
2/12/2004,0.94
2/13/2004,0.94
2/16/2004,0.94
2/17/2004,0.94
2/18/2004,0.94
2/19/2004,0.94
2/20/2004,0.95
2/23/2004,0.94
2/24/2004,0.95
2/25/2004,0.96
2/26/2004,0.95
2/27/2004,0.95
2/29/2004,0.96
3/1/2004,0.95
3/2/2004,0.94
3/3/2004,0.95
3/4/2004,0.95
3/5/2004,0.95
3/8/2004,0.95
3/9/2004,0.95
3/10/2004,0.96
3/11/2004,0.97
3/12/2004,0.96
3/15/2004,0.96
3/16/2004,0.97
3/17/2004,0.97
3/18/2004,0.96
3/19/2004,0.96
3/22/2004,0.97
3/23/2004,0.96
3/24/2004,0.98
3/25/2004,0.97
3/26/2004,0.97
3/29/2004,0.96
3/30/2004,0.95
3/31/2004,0.96
4/1/2004,0.96
4/2/2004,0.94
4/5/2004,0.94
4/6/2004,0.94
4/7/2004,0.94
4/8/2004,0.93
4/12/2004,0.92
4/13/2004,0.91
4/14/2004,0.92
4/15/2004,0.9
4/16/2004,0.9
4/19/2004,0.94
4/20/2004,0.94
4/21/2004,0.91
4/22/2004,0.91
4/23/2004,0.87
4/26/2004,0.89
4/27/2004,0.89
4/28/2004,0.9
4/29/2004,0.91
4/30/2004,0.91
5/3/2004,0.91
5/4/2004,0.92
5/5/2004,0.93
5/6/2004,0.95
5/7/2004,0.94
5/10/2004,0.97
5/11/2004,0.97
5/12/2004,0.98
5/13/2004,0.98
5/14/2004,0.98
5/17/2004,0.99
5/18/2004,0.98
5/19/2004,0.98
5/20/2004,0.98
5/21/2004,0.98
5/24/2004,0.98
5/25/2004,0.98
5/26/2004,0.99
5/27/2004,0.98
5/28/2004,0.97
5/31/2004,0.98
6/1/2004,0.99
6/2/2004,0.99
6/3/2004,1
6/4/2004,0.99
6/7/2004,0.99
6/8/2004,0.98
6/9/2004,0.98
6/10/2004,0.98
6/11/2004,0.98
6/14/2004,0.98
6/15/2004,0.98
6/16/2004,0.98
6/17/2004,0.97
6/18/2004,0.97
6/21/2004,0.97
6/22/2004,0.97
6/23/2004,0.97
6/24/2004,0.97
6/25/2004,0.98
6/28/2004,0.97
6/29/2004,0.98
6/30/2004,0.99
7/1/2004,1
7/2/2004,1
7/5/2004,1
7/6/2004,0.99
7/7/2004,1
7/8/2004,1
7/9/2004,1
7/12/2004,0.99
7/13/2004,0.99
7/14/2004,0.99
7/15/2004,0.98
7/16/2004,0.98
7/19/2004,0.97
7/20/2004,0.96
7/21/2004,0.97
7/22/2004,0.97
7/23/2004,0.97
7/26/2004,0.96
7/27/2004,0.96
7/28/2004,0.96
7/29/2004,0.96
7/30/2004,0.96
7/31/2004,0.96
8/2/2004,0.99
8/3/2004,0.99
8/4/2004,0.99
8/5/2004,0.99
8/6/2004,1
8/9/2004,0.99
8/10/2004,0.99
8/11/2004,0.99
8/12/2004,0.99
8/13/2004,0.99
8/16/2004,0.99
8/17/2004,0.99
8/18/2004,0.98
8/19/2004,0.98
8/20/2004,0.98
8/23/2004,0.98
8/24/2004,0.97
8/25/2004,0.97
8/26/2004,0.97
8/27/2004,0.96
8/30/2004,0.96
8/31/2004,0.95
9/1/2004,0.96
9/2/2004,0.95
9/3/2004,0.94
9/6/2004,0.94
9/7/2004,0.94
9/8/2004,0.94
9/9/2004,0.94
9/10/2004,0.94
9/13/2004,0.93
9/14/2004,0.93
9/15/2004,0.93
9/16/2004,0.93
9/17/2004,0.92
9/20/2004,0.92
9/21/2004,0.91
9/22/2004,0.92
9/23/2004,0.91
9/24/2004,0.92
9/27/2004,0.92
9/28/2004,0.92
9/29/2004,0.92
9/30/2004,0.92
10/1/2004,0.91
10/4/2004,0.91
10/5/2004,0.91
10/6/2004,0.91
10/7/2004,0.91
10/8/2004,0.91
10/11/2004,0.91
10/12/2004,0.9
10/13/2004,0.91
10/14/2004,0.91
10/15/2004,0.91
10/18/2004,0.91
10/19/2004,0.91
10/20/2004,0.93
10/21/2004,0.93
10/22/2004,0.93
10/25/2004,0.93
10/26/2004,0.93
10/27/2004,0.92
10/28/2004,0.92
10/29/2004,0.91
10/31/2004,0.91
11/1/2004,0.92
11/2/2004,0.91
11/3/2004,0.91
11/4/2004,0.9
11/5/2004,0.89
11/8/2004,0.89
11/9/2004,0.89
11/10/2004,0.89
11/11/2004,0.89
11/12/2004,0.88
11/15/2004,0.88
11/16/2004,0.88
11/17/2004,0.88
11/18/2004,0.87
11/19/2004,0.87
11/22/2004,0.87
11/23/2004,0.86
11/24/2004,0.86
11/25/2004,0.85
11/26/2004,0.86
11/29/2004,0.85
11/30/2004,0.86
12/1/2004,0.86
12/2/2004,0.85
12/3/2004,0.86
12/6/2004,0.85
12/7/2004,0.85
12/8/2004,0.85
12/9/2004,0.85
12/10/2004,0.85
12/13/2004,0.85
12/14/2004,0.85
12/15/2004,0.84
12/16/2004,0.84
12/17/2004,0.84
12/20/2004,0.84
12/21/2004,0.83
12/22/2004,0.84
12/23/2004,0.84
12/27/2004,0.83
12/28/2004,0.83
12/29/2004,0.83
12/30/2004,0.82
12/31/2004,0.83
1/3/2005,0.83
1/4/2005,0.83
1/5/2005,0.84
1/6/2005,0.84
1/7/2005,0.84
1/10/2005,0.84
1/11/2005,0.84
1/12/2005,0.84
1/13/2005,0.85
1/14/2005,0.85
1/17/2005,0.84
1/18/2005,0.84
1/19/2005,0.85
1/20/2005,0.87
1/21/2005,0.87
1/24/2005,0.86
1/25/2005,0.85
1/26/2005,0.84
1/27/2005,0.84
1/28/2005,0.84
1/31/2005,0.85
2/1/2005,0.85
2/2/2005,0.84
2/3/2005,0.84
2/4/2005,0.83
2/7/2005,0.82
2/8/2005,0.82
2/9/2005,0.84
2/10/2005,0.84
2/11/2005,0.84
2/14/2005,0.83
2/15/2005,0.84
2/16/2005,0.83
2/17/2005,0.83
2/18/2005,0.82
2/21/2005,0.82
2/22/2005,0.82
2/23/2005,0.82
2/24/2005,0.81
2/25/2005,0.81
2/28/2005,0.81
3/1/2005,0.8
3/2/2005,0.79
3/3/2005,0.8
3/4/2005,0.79
3/7/2005,0.79
3/8/2005,0.79
3/9/2005,0.79
3/10/2005,0.79
3/11/2005,0.79
3/14/2005,0.79
3/15/2005,0.8
3/16/2005,0.83
3/17/2005,0.84
3/18/2005,0.84
3/21/2005,0.86
3/22/2005,0.87
3/23/2005,0.88
3/24/2005,0.88
3/28/2005,0.88
3/29/2005,0.89
3/30/2005,0.91
3/31/2005,0.93
4/1/2005,0.93
4/4/2005,0.95
4/5/2005,0.94
4/6/2005,0.94
4/7/2005,0.94
4/8/2005,0.94
4/11/2005,0.97
4/12/2005,0.96
4/13/2005,0.98
4/14/2005,1
4/15/2005,1.02
4/18/2005,1.04
4/19/2005,1.04
4/20/2005,1.02
4/21/2005,1
4/22/2005,0.99
4/25/2005,1
4/26/2005,1
4/27/2005,1
4/28/2005,1.01
4/29/2005,1.02
4/30/2005,1.02
5/2/2005,1.03
5/3/2005,1.03
5/4/2005,1.03
5/5/2005,1.05
5/6/2005,1.07
5/9/2005,1.06
5/10/2005,1.06
5/11/2005,1.07
5/12/2005,1.08
5/13/2005,1.1
5/16/2005,1.1
5/17/2005,1.11
5/18/2005,1.11
5/19/2005,1.1
5/20/2005,1.09
5/23/2005,1.08
5/24/2005,1.09
5/25/2005,1.08
5/26/2005,1.07
5/27/2005,1.05
5/30/2005,1.05
5/31/2005,0.97
6/1/2005,0.97
6/2/2005,0.95
6/3/2005,0.95
6/6/2005,0.95
6/7/2005,0.95
6/8/2005,0.95
6/9/2005,0.96
6/10/2005,0.96
6/13/2005,0.95
6/14/2005,0.95
6/15/2005,0.94
6/16/2005,0.95
6/17/2005,0.94
6/20/2005,0.94
6/21/2005,0.94
6/22/2005,0.95
6/23/2005,0.96
6/24/2005,0.96
6/27/2005,0.96
6/28/2005,0.95
6/29/2005,0.95
6/30/2005,0.95
7/1/2005,0.95
7/4/2005,0.95
7/5/2005,0.94
7/6/2005,0.95
7/7/2005,0.94
7/8/2005,0.94
7/11/2005,0.93
7/12/2005,0.92
7/13/2005,0.92
7/14/2005,0.91
7/15/2005,0.91
7/18/2005,0.9
7/19/2005,0.9
7/20/2005,0.9
7/21/2005,0.89
7/22/2005,0.89
7/25/2005,0.88
7/26/2005,0.88
7/27/2005,0.88
7/28/2005,0.88
7/29/2005,0.87
7/31/2005,0.88
8/1/2005,0.88
8/2/2005,0.88
8/3/2005,0.88
8/4/2005,0.88
8/5/2005,0.88
8/8/2005,0.88
8/9/2005,0.88
8/10/2005,0.88
8/11/2005,0.89
8/12/2005,0.89
8/15/2005,0.88
8/16/2005,0.88
8/17/2005,0.88
8/18/2005,0.88
8/19/2005,0.88
8/22/2005,0.88
8/23/2005,0.88
8/24/2005,0.88
8/25/2005,0.88
8/26/2005,0.87
8/29/2005,0.87
8/30/2005,0.88
8/31/2005,0.88
9/1/2005,0.89
9/2/2005,0.89
9/5/2005,0.89
9/6/2005,0.89
9/7/2005,0.89
9/8/2005,0.89
9/9/2005,0.89
9/12/2005,0.89
9/13/2005,0.89
9/14/2005,0.89
9/15/2005,0.89
9/16/2005,0.89
9/19/2005,0.89
9/20/2005,0.89
9/21/2005,0.9
9/22/2005,0.9
9/23/2005,0.9
9/26/2005,0.89
9/27/2005,0.89
9/28/2005,0.89
9/29/2005,0.89
9/30/2005,0.89
10/3/2005,0.89
10/4/2005,0.89
10/5/2005,0.89
10/6/2005,0.89
10/7/2005,0.9
10/10/2005,0.9
10/11/2005,0.9
10/12/2005,0.91
10/13/2005,0.92
10/14/2005,0.92
10/17/2005,0.9
10/18/2005,0.89
10/19/2005,0.9
10/20/2005,0.9
10/21/2005,0.9
10/24/2005,0.9
10/25/2005,0.9
10/26/2005,0.91
10/27/2005,0.91
10/28/2005,0.91
10/31/2005,0.92
11/1/2005,0.93
11/2/2005,0.93
11/3/2005,0.92
11/4/2005,0.92
11/7/2005,0.92
11/8/2005,0.92
11/9/2005,0.92
11/10/2005,0.93
11/11/2005,0.93
11/14/2005,0.93
11/15/2005,0.93
11/16/2005,0.95
11/17/2005,0.96
11/18/2005,0.95
11/21/2005,0.95
11/22/2005,0.96
11/23/2005,0.95
11/24/2005,0.95
11/25/2005,0.95
11/28/2005,0.95
11/29/2005,0.95
11/30/2005,0.97
12/1/2005,0.96
12/2/2005,0.97
12/5/2005,0.97
12/6/2005,0.98
12/7/2005,0.98
12/8/2005,0.99
12/9/2005,0.98
12/12/2005,0.98
12/13/2005,0.98
12/14/2005,0.98
12/15/2005,0.98
12/16/2005,0.98
12/19/2005,0.98
12/20/2005,0.98
12/21/2005,0.99
12/22/2005,0.99
12/23/2005,0.99
12/27/2005,0.99
12/28/2005,0.99
12/29/2005,1
12/30/2005,0.99
12/31/2005,0.92
1/3/2006,0.92
1/4/2006,0.92
1/5/2006,0.92
1/6/2006,0.92
1/9/2006,0.92
1/10/2006,0.92
1/11/2006,0.92
1/12/2006,0.92
1/13/2006,0.93
1/16/2006,0.92
1/17/2006,0.94
1/18/2006,0.92
1/19/2006,0.92
1/20/2006,0.92
1/23/2006,0.92
1/24/2006,0.92
1/25/2006,0.91
1/26/2006,0.9
1/27/2006,0.9
1/30/2006,0.9
1/31/2006,0.9
2/1/2006,0.9
2/2/2006,0.89
2/3/2006,0.89
2/6/2006,0.89
2/7/2006,0.9
2/8/2006,0.9
2/9/2006,0.89
2/10/2006,0.89
2/13/2006,0.89
2/14/2006,0.89
2/15/2006,0.89
2/16/2006,0.88
2/17/2006,0.88
2/20/2006,0.88
2/21/2006,0.88
2/22/2006,0.88
2/23/2006,0.87
2/24/2006,0.88
2/27/2006,0.87
2/28/2006,0.9
3/1/2006,0.88
3/2/2006,0.87
3/3/2006,0.87
3/6/2006,0.87
3/7/2006,0.88
3/8/2006,0.88
3/9/2006,0.88
3/10/2006,0.88
3/13/2006,0.88
3/14/2006,0.88
3/15/2006,0.87
3/16/2006,0.88
3/17/2006,0.88
3/20/2006,0.88
3/21/2006,0.88
3/22/2006,0.88
3/23/2006,0.88
3/24/2006,0.88
3/27/2006,0.88
3/28/2006,0.88
3/29/2006,0.88
3/30/2006,0.88
3/31/2006,0.9
4/3/2006,0.9
4/4/2006,0.89
4/5/2006,0.89
4/6/2006,0.9
4/7/2006,0.89
4/10/2006,0.89
4/11/2006,0.89
4/12/2006,0.89
4/13/2006,0.89
4/17/2006,0.89
4/18/2006,0.9
4/19/2006,0.89
4/20/2006,0.89
4/21/2006,0.89
4/24/2006,0.89
4/25/2006,0.88
4/26/2006,0.88
4/27/2006,0.88
4/28/2006,0.88
4/30/2006,0.89
5/1/2006,0.87
5/2/2006,0.87
5/3/2006,0.87
5/4/2006,0.87
5/5/2006,0.87
5/8/2006,0.87
5/9/2006,0.87
5/10/2006,0.87
5/11/2006,0.87
5/12/2006,0.87
5/15/2006,0.87
5/16/2006,0.88
5/17/2006,0.89
5/18/2006,0.9
5/19/2006,0.9
5/22/2006,0.9
5/23/2006,0.9
5/24/2006,0.91
5/25/2006,0.91
5/26/2006,0.91
5/29/2006,0.91
5/30/2006,0.91
5/31/2006,0.92
6/1/2006,0.92
6/2/2006,0.93
6/5/2006,0.93
6/6/2006,0.93
6/7/2006,0.93
6/8/2006,0.94
6/9/2006,0.94
6/12/2006,0.94
6/13/2006,0.95
6/14/2006,0.96
6/15/2006,0.95
6/16/2006,0.95
6/19/2006,0.96
6/20/2006,0.96
6/21/2006,0.96
6/22/2006,0.96
6/23/2006,0.96
6/26/2006,0.97
6/27/2006,0.97
6/28/2006,0.97
6/29/2006,0.97
6/30/2006,0.97
7/3/2006,0.97
7/4/2006,0.97
7/5/2006,0.97
7/6/2006,0.97
7/7/2006,0.97
7/10/2006,0.97
7/11/2006,0.97
7/12/2006,0.97
7/13/2006,0.97
7/14/2006,0.98
7/17/2006,0.98
7/18/2006,0.97
7/19/2006,0.97
7/20/2006,0.97
7/21/2006,0.97
7/24/2006,0.97
7/25/2006,0.97
7/26/2006,0.97
7/27/2006,0.97
7/28/2006,0.97
7/31/2006,0.98
8/1/2006,0.98
8/2/2006,0.98
8/3/2006,0.98
8/4/2006,0.98
8/7/2006,0.98
8/8/2006,0.98
8/9/2006,0.98
8/10/2006,0.98
8/11/2006,0.98
8/14/2006,0.97
8/15/2006,0.97
8/16/2006,0.97
8/17/2006,0.97
8/18/2006,0.97
8/21/2006,0.97
8/22/2006,0.97
8/23/2006,0.97
8/24/2006,0.97
8/25/2006,0.97
8/28/2006,0.97
8/29/2006,0.97
8/30/2006,0.97
8/31/2006,0.97
9/1/2006,0.98
9/4/2006,0.98
9/5/2006,0.97
9/6/2006,0.97
9/7/2006,0.97
9/8/2006,0.97
9/11/2006,0.97
9/12/2006,0.97
9/13/2006,0.97
9/14/2006,0.97
9/15/2006,0.96
9/18/2006,0.96
9/19/2006,0.97
9/20/2006,0.97
9/21/2006,0.97
9/22/2006,0.97
9/25/2006,0.97
9/26/2006,0.97
9/27/2006,0.97
9/28/2006,0.97
9/29/2006,0.97
9/30/2006,0.98
10/2/2006,0.98
10/3/2006,0.97
10/4/2006,0.98
10/5/2006,0.97
10/6/2006,0.97
10/9/2006,0.97
10/10/2006,0.97
10/11/2006,0.96
10/12/2006,0.96
10/13/2006,0.96
10/16/2006,0.96
10/17/2006,0.96
10/18/2006,0.96
10/19/2006,0.95
10/20/2006,0.95
10/23/2006,0.95
10/24/2006,0.95
10/25/2006,0.95
10/26/2006,0.95
10/27/2006,0.95
10/30/2006,0.95
10/31/2006,0.95
11/1/2006,0.95
11/2/2006,0.95
11/3/2006,0.94
11/6/2006,0.94
11/7/2006,0.93
11/8/2006,0.93
11/9/2006,0.93
11/10/2006,0.93
11/13/2006,0.92
11/14/2006,0.93
11/15/2006,0.92
11/16/2006,0.92
11/17/2006,0.93
11/20/2006,0.92
11/21/2006,0.92
11/22/2006,0.92
11/23/2006,0.92
11/24/2006,0.92
11/27/2006,0.93
11/28/2006,0.93
11/29/2006,0.92
11/30/2006,0.94
12/1/2006,0.94
12/4/2006,0.93
12/5/2006,0.93
12/6/2006,0.92
12/7/2006,0.92
12/8/2006,0.91
12/11/2006,0.92
12/12/2006,0.92
12/13/2006,0.92
12/14/2006,0.92
12/15/2006,0.92
12/18/2006,0.92
12/19/2006,0.92
12/20/2006,0.92
12/21/2006,0.92
12/22/2006,0.91
12/26/2006,0.91
12/27/2006,0.91
12/28/2006,0.9
12/29/2006,0.9
12/31/2006,0.91
1/2/2007,0.92
1/3/2007,0.91
1/4/2007,0.91
1/5/2007,0.91
1/8/2007,0.91
1/9/2007,0.91
1/10/2007,0.91
1/11/2007,0.9
1/12/2007,0.9
1/15/2007,0.9
1/16/2007,0.9
1/17/2007,0.89
1/18/2007,0.89
1/19/2007,0.89
1/22/2007,0.89
1/23/2007,0.88
1/24/2007,0.88
1/25/2007,0.87
1/26/2007,0.88
1/29/2007,0.87
1/30/2007,0.87
1/31/2007,0.89
2/1/2007,0.88
2/2/2007,0.88
2/5/2007,0.88
2/6/2007,0.88
2/7/2007,0.88
2/8/2007,0.88
2/9/2007,0.87
2/12/2007,0.87
2/13/2007,0.87
2/14/2007,0.87
2/15/2007,0.87
2/16/2007,0.86
2/19/2007,0.86
2/20/2007,0.86
2/21/2007,0.86
2/22/2007,0.86
2/23/2007,0.86
2/26/2007,0.86
2/27/2007,0.89
2/28/2007,0.9
3/1/2007,0.89
3/2/2007,0.9
3/5/2007,0.91
3/6/2007,0.91
3/7/2007,0.91
3/8/2007,0.91
3/9/2007,0.9
3/12/2007,0.91
3/13/2007,0.92
3/14/2007,0.92
3/15/2007,0.92
3/16/2007,0.93
3/19/2007,0.93
3/20/2007,0.93
3/21/2007,0.94
3/22/2007,0.93
3/23/2007,0.93
3/26/2007,0.93
3/27/2007,0.93
3/28/2007,0.93
3/29/2007,0.93
3/30/2007,0.93
3/31/2007,0.95
4/2/2007,0.94
4/3/2007,0.94
4/4/2007,0.95
4/5/2007,0.95
4/9/2007,0.94
4/10/2007,0.94
4/11/2007,0.93
4/12/2007,0.93
4/13/2007,0.93
4/16/2007,0.93
4/17/2007,0.94
4/18/2007,0.94
4/19/2007,0.94
4/20/2007,0.93
4/23/2007,0.93
4/24/2007,0.93
4/25/2007,0.93
4/26/2007,0.93
4/27/2007,0.93
4/30/2007,0.94
5/1/2007,0.94
5/2/2007,0.94
5/3/2007,0.94
5/4/2007,0.94
5/7/2007,0.94
5/8/2007,0.94
5/9/2007,0.94
5/10/2007,0.94
5/11/2007,0.93
5/14/2007,0.93
5/15/2007,0.93
5/16/2007,0.93
5/17/2007,0.93
5/18/2007,0.92
5/21/2007,0.93
5/22/2007,0.92
5/23/2007,0.92
5/24/2007,0.92
5/25/2007,0.92
5/29/2007,0.92
5/30/2007,0.93
5/31/2007,0.94
6/1/2007,0.94
6/4/2007,0.94
6/5/2007,0.94
6/6/2007,0.94
6/7/2007,0.95
6/8/2007,0.96
6/11/2007,0.96
6/12/2007,0.96
6/13/2007,0.96
6/14/2007,0.95
6/15/2007,0.95
6/18/2007,0.95
6/19/2007,0.95
6/20/2007,0.95
6/21/2007,0.96
6/22/2007,0.97
6/25/2007,0.97
6/26/2007,0.98
6/27/2007,0.98
6/28/2007,0.99
6/29/2007,0.99
6/30/2007,1
7/2/2007,1.01
7/3/2007,1
7/4/2007,1
7/5/2007,1
7/6/2007,1
7/9/2007,1
7/10/2007,1.01
7/11/2007,1.02
7/12/2007,1.02
7/13/2007,1.02
7/16/2007,1.03
7/17/2007,1.03
7/18/2007,1.04
7/19/2007,1.05
7/20/2007,1.08
7/23/2007,1.09
7/24/2007,1.1
7/25/2007,1.12
7/26/2007,1.25
7/27/2007,1.28
7/30/2007,1.28
7/31/2007,1.29
8/1/2007,1.29
8/2/2007,1.29
8/3/2007,1.3
8/6/2007,1.32
8/7/2007,1.32
8/8/2007,1.3
8/9/2007,1.3
8/10/2007,1.32
8/13/2007,1.32
8/14/2007,1.34
8/15/2007,1.37
8/16/2007,1.44
8/17/2007,1.45
8/20/2007,1.46
8/21/2007,1.47
8/22/2007,1.47
8/23/2007,1.45
8/24/2007,1.44
8/27/2007,1.44
8/28/2007,1.46
8/29/2007,1.46
8/30/2007,1.48
8/31/2007,1.45
9/3/2007,1.45
9/4/2007,1.47
9/5/2007,1.48
9/6/2007,1.5
9/7/2007,1.54
9/10/2007,1.56
9/11/2007,1.57
9/12/2007,1.58
9/13/2007,1.58
9/14/2007,1.58
9/17/2007,1.58
9/18/2007,1.58
9/19/2007,1.56
9/20/2007,1.53
9/21/2007,1.51
9/24/2007,1.5
9/25/2007,1.5
9/26/2007,1.49
9/27/2007,1.49
9/28/2007,1.48
9/30/2007,1.49
10/1/2007,1.49
10/2/2007,1.49
10/3/2007,1.48
10/4/2007,1.47
10/5/2007,1.45
10/8/2007,1.45
10/9/2007,1.44
10/10/2007,1.42
10/11/2007,1.4
10/12/2007,1.4
10/15/2007,1.39
10/16/2007,1.4
10/17/2007,1.42
10/18/2007,1.43
10/19/2007,1.45
10/22/2007,1.47
10/23/2007,1.46
10/24/2007,1.48
10/25/2007,1.48
10/26/2007,1.48
10/29/2007,1.48
10/30/2007,1.48
10/31/2007,1.5
11/1/2007,1.54
11/2/2007,1.57
11/5/2007,1.6
11/6/2007,1.62
11/7/2007,1.66
11/8/2007,1.69
11/9/2007,1.72
11/12/2007,1.72
11/13/2007,1.74
11/14/2007,1.74
11/15/2007,1.77
11/16/2007,1.79
11/19/2007,1.83
11/20/2007,1.85
11/21/2007,1.89
11/22/2007,1.89
11/23/2007,1.88
11/26/2007,1.91
11/27/2007,1.93
11/28/2007,1.94
11/29/2007,1.97
11/30/2007,1.96
12/3/2007,1.98
12/4/2007,2
12/5/2007,2.02
12/6/2007,2.04
12/7/2007,2.03
12/10/2007,2.03
12/11/2007,2.05
12/12/2007,2.03
12/13/2007,2.04
12/14/2007,2.03
12/17/2007,2.03
12/18/2007,2.03
12/19/2007,2.03
12/20/2007,2.04
12/21/2007,2.03
12/24/2007,2.03
12/26/2007,2.03
12/27/2007,2.03
12/28/2007,2.03
12/31/2007,2.03
1/2/2008,2.05
1/3/2008,2.06
1/4/2008,2.09
1/7/2008,2.11
1/8/2008,2.12
1/9/2008,2.17
1/10/2008,2.17
1/11/2008,2.17
1/14/2008,2.16
1/15/2008,2.18
1/16/2008,2.19
1/17/2008,2.22
1/18/2008,2.24
1/21/2008,2.24
1/22/2008,2.31
1/23/2008,2.33
1/24/2008,2.3
1/25/2008,2.3
1/28/2008,2.29
1/29/2008,2.28
1/30/2008,2.29
1/31/2008,2.3
2/1/2008,2.3
2/4/2008,2.31
2/5/2008,2.31
2/6/2008,2.31
2/7/2008,2.33
2/8/2008,2.34
2/11/2008,2.36
2/12/2008,2.37
2/13/2008,2.38
2/14/2008,2.38
2/15/2008,2.39
2/18/2008,2.39
2/19/2008,2.39
2/20/2008,2.4
2/21/2008,2.41
2/22/2008,2.42
2/25/2008,2.42
2/26/2008,2.43
2/27/2008,2.44
2/28/2008,2.47
2/29/2008,2.52
3/3/2008,2.55
3/4/2008,2.6
3/5/2008,2.64
3/6/2008,2.72
3/7/2008,2.75
3/10/2008,2.8
3/11/2008,2.84
3/12/2008,2.86
3/13/2008,2.92
3/14/2008,2.97
3/17/2008,3.03
3/18/2008,3.02
3/19/2008,3.03
3/20/2008,3.05
3/24/2008,3.01
3/25/2008,2.99
3/26/2008,2.98
3/27/2008,2.99
3/28/2008,2.99
3/31/2008,3
4/1/2008,2.98
4/2/2008,2.94
4/3/2008,2.92
4/4/2008,2.89
4/7/2008,2.85
4/8/2008,2.84
4/9/2008,2.86
4/10/2008,2.86
4/11/2008,2.87
4/14/2008,2.87
4/15/2008,2.85
4/16/2008,2.84
4/17/2008,2.82
4/18/2008,2.77
4/21/2008,2.74
4/22/2008,2.72
4/23/2008,2.7
4/24/2008,2.68
4/25/2008,2.67
4/28/2008,2.65
4/29/2008,2.63
4/30/2008,2.6
5/1/2008,2.57
5/2/2008,2.53
5/5/2008,2.52
5/6/2008,2.52
5/7/2008,2.52
5/8/2008,2.53
5/9/2008,2.53
5/12/2008,2.53
5/13/2008,2.51
5/14/2008,2.5
5/15/2008,2.5
5/16/2008,2.49
5/19/2008,2.49
5/20/2008,2.5
5/21/2008,2.5
5/22/2008,2.51
5/23/2008,2.52
5/26/2008,2.52
5/27/2008,2.53
5/28/2008,2.52
5/29/2008,2.5
5/30/2008,2.5
5/31/2008,2.48
6/2/2008,2.49
6/3/2008,2.5
6/4/2008,2.51
6/5/2008,2.5
6/6/2008,2.5
6/9/2008,2.48
6/10/2008,2.49
6/11/2008,2.5
6/12/2008,2.49
6/13/2008,2.49
6/16/2008,2.49
6/17/2008,2.48
6/18/2008,2.5
6/19/2008,2.5
6/20/2008,2.54
6/23/2008,2.55
6/24/2008,2.58
6/25/2008,2.59
6/26/2008,2.66
6/27/2008,2.68
6/30/2008,2.74
7/1/2008,2.77
7/2/2008,2.77
7/3/2008,2.79
7/4/2008,2.79
7/7/2008,2.79
7/8/2008,2.82
7/9/2008,2.84
7/10/2008,2.85
7/11/2008,2.88
7/14/2008,2.88
7/15/2008,2.94
7/16/2008,2.98
7/17/2008,2.97
7/18/2008,2.97
7/21/2008,2.96
7/22/2008,2.97
7/23/2008,2.94
7/24/2008,2.96
7/25/2008,2.96
7/28/2008,2.98
7/29/2008,2.98
7/30/2008,2.98
7/31/2008,3
8/1/2008,3
8/4/2008,3
8/5/2008,3
8/6/2008,3
8/7/2008,3.01
8/8/2008,3.01
8/11/2008,3.01
8/12/2008,3.03
8/13/2008,3.03
8/14/2008,3.04
8/15/2008,3.05
8/18/2008,3.06
8/19/2008,3.08
8/20/2008,3.11
8/21/2008,3.12
8/22/2008,3.12
8/25/2008,3.14
8/26/2008,3.15
8/27/2008,3.15
8/28/2008,3.16
8/29/2008,3.16
8/31/2008,3.17
9/1/2008,3.17
9/2/2008,3.19
9/3/2008,3.2
9/4/2008,3.21
9/5/2008,3.22
9/8/2008,3.21
9/9/2008,3.24
9/10/2008,3.28
9/11/2008,3.39
9/12/2008,3.44
9/15/2008,3.8
9/16/2008,4.11
9/17/2008,4.28
9/18/2008,4.4
9/19/2008,4.15
9/22/2008,4.09
9/23/2008,4.17
9/24/2008,4.26
9/25/2008,4.36
9/26/2008,4.59
9/29/2008,4.65
9/30/2008,4.55
10/1/2008,4.61
10/2/2008,4.87
10/3/2008,4.91
10/6/2008,5.08
10/7/2008,5.14
10/8/2008,5.26
10/9/2008,5.35
10/10/2008,5.81
10/13/2008,5.82
10/14/2008,5.49
10/15/2008,5.54
10/16/2008,5.73
10/17/2008,5.87
10/20/2008,5.91
10/21/2008,5.94
10/22/2008,5.96
10/23/2008,5.98
10/24/2008,6.09
10/27/2008,6.14
10/28/2008,6.15
10/29/2008,6.18
10/30/2008,6.17
10/31/2008,6.06
11/3/2008,6.06
11/4/2008,6.03
11/5/2008,5.95
11/6/2008,5.94
11/7/2008,5.91
11/10/2008,5.86
11/11/2008,5.86
11/12/2008,5.87
11/13/2008,5.9
11/14/2008,5.88
11/17/2008,5.93
11/18/2008,5.98
11/19/2008,6.06
11/20/2008,6.22
11/21/2008,6.36
11/24/2008,6.36
11/25/2008,6.38
11/26/2008,6.39
11/27/2008,6.39
11/28/2008,6.42
11/30/2008,6.41
12/1/2008,6.44
12/2/2008,6.5
12/3/2008,6.53
12/4/2008,6.55
12/5/2008,6.56
12/8/2008,6.55
12/9/2008,6.55
12/10/2008,6.54
12/11/2008,6.52
12/12/2008,6.52
12/15/2008,6.51
12/16/2008,6.51
12/17/2008,6.42
12/18/2008,6.35
12/19/2008,6.3
12/22/2008,6.28
12/23/2008,6.25
12/24/2008,6.21
12/26/2008,6.2
12/29/2008,6.19
12/30/2008,6.12
12/31/2008,6.04
1/2/2009,6.03
1/5/2009,5.96
1/6/2009,5.82
1/7/2009,5.74
1/8/2009,5.67
1/9/2009,5.62
1/12/2009,5.59
1/13/2009,5.57
1/14/2009,5.6
1/15/2009,5.62
1/16/2009,5.54
1/19/2009,5.54
1/20/2009,5.57
1/21/2009,5.57
1/22/2009,5.57
1/23/2009,5.56
1/26/2009,5.53
1/27/2009,5.47
1/28/2009,5.4
1/29/2009,5.38
1/30/2009,5.35
1/31/2009,5.31
2/2/2009,5.32
2/3/2009,5.31
2/4/2009,5.29
2/5/2009,5.28
2/6/2009,5.25
2/9/2009,5.2
2/10/2009,5.19
2/11/2009,5.16
2/12/2009,5.19
2/13/2009,5.19
2/16/2009,5.19
2/17/2009,5.23
2/18/2009,5.29
2/19/2009,5.31
2/20/2009,5.41
2/23/2009,5.44
2/24/2009,5.54
2/25/2009,5.54
2/26/2009,5.56
2/27/2009,5.58
2/28/2009,5.48
3/2/2009,5.56
3/3/2009,5.64
3/4/2009,5.75
3/5/2009,5.81
3/6/2009,5.87
3/9/2009,5.97
3/10/2009,5.99
3/11/2009,6
3/12/2009,6
3/13/2009,6
3/16/2009,5.96
3/17/2009,5.95
3/18/2009,5.97
3/19/2009,5.97
3/20/2009,5.99
3/23/2009,5.99
3/24/2009,5.98
3/25/2009,6
3/26/2009,5.98
3/27/2009,5.96
3/30/2009,5.99
3/31/2009,5.86
4/1/2009,5.86
4/2/2009,5.82
4/3/2009,5.81
4/6/2009,5.78
4/7/2009,5.75
4/8/2009,5.71
4/9/2009,5.63
4/13/2009,5.6
4/14/2009,5.54
4/15/2009,5.47
4/16/2009,5.4
4/17/2009,5.32
4/20/2009,5.28
4/21/2009,5.26
4/22/2009,5.23
4/23/2009,5.2
4/24/2009,5.16
4/27/2009,5.14
4/28/2009,5.1
4/29/2009,5.02
4/30/2009,4.87
5/1/2009,4.81
5/4/2009,4.78
5/5/2009,4.71
5/6/2009,4.64
5/7/2009,4.53
5/8/2009,4.44
5/11/2009,4.44
5/12/2009,4.42
5/13/2009,4.42
5/14/2009,4.43
5/15/2009,4.42
5/18/2009,4.4
5/19/2009,4.34
5/20/2009,4.28
5/21/2009,4.25
5/22/2009,4.22
5/25/2009,4.22
5/26/2009,4.16
5/27/2009,4.09
5/28/2009,4.02
5/29/2009,3.94
5/31/2009,3.87
6/1/2009,3.82
6/2/2009,3.71
6/3/2009,3.65
6/4/2009,3.63
6/5/2009,3.56
6/8/2009,3.52
6/9/2009,3.5
6/10/2009,3.44
6/11/2009,3.4
6/12/2009,3.38
6/15/2009,3.36
6/16/2009,3.35
6/17/2009,3.36
6/18/2009,3.34
6/19/2009,3.31
6/22/2009,3.32
6/23/2009,3.31
6/24/2009,3.31
6/25/2009,3.32
6/26/2009,3.33
6/29/2009,3.33
6/30/2009,3.31
7/1/2009,3.31
7/2/2009,3.3
7/3/2009,3.3
7/6/2009,3.31
7/7/2009,3.3
7/8/2009,3.31
7/9/2009,3.3
7/10/2009,3.3
7/13/2009,3.29
7/14/2009,3.27
7/15/2009,3.22
7/16/2009,3.19
7/17/2009,3.13
7/20/2009,3.11
7/21/2009,3.07
7/22/2009,3.05
7/23/2009,3.02
7/24/2009,2.98
7/27/2009,2.95
7/28/2009,2.91
7/29/2009,2.86
7/30/2009,2.78
7/31/2009,2.73
8/3/2009,2.7
8/4/2009,2.65
8/5/2009,2.61
8/6/2009,2.57
8/7/2009,2.54
8/10/2009,2.52
8/11/2009,2.53
8/12/2009,2.54
8/13/2009,2.53
8/14/2009,2.54
8/17/2009,2.58
8/18/2009,2.6
8/19/2009,2.6
8/20/2009,2.6
8/21/2009,2.58
8/24/2009,2.57
8/25/2009,2.55
8/26/2009,2.54
8/27/2009,2.53
8/28/2009,2.52
8/31/2009,2.53
9/1/2009,2.54
9/2/2009,2.54
9/3/2009,2.54
9/4/2009,2.53
9/7/2009,2.53
9/8/2009,2.51
9/9/2009,2.5
9/10/2009,2.47
9/11/2009,2.44
9/14/2009,2.42
9/15/2009,2.39
9/16/2009,2.36
9/17/2009,2.35
9/18/2009,2.33
9/21/2009,2.32
9/22/2009,2.3
9/23/2009,2.31
9/24/2009,2.31
9/25/2009,2.31
9/28/2009,2.32
9/29/2009,2.33
9/30/2009,2.35
10/1/2009,2.38
10/2/2009,2.39
10/5/2009,2.38
10/6/2009,2.35
10/7/2009,2.35
10/8/2009,2.34
10/9/2009,2.33
10/12/2009,2.33
10/13/2009,2.33
10/14/2009,2.31
10/15/2009,2.3
10/16/2009,2.29
10/19/2009,2.28
10/20/2009,2.26
10/21/2009,2.25
10/22/2009,2.23
10/23/2009,2.21
10/26/2009,2.19
10/27/2009,2.18
10/28/2009,2.18
10/29/2009,2.18
10/30/2009,2.18
10/31/2009,2.18
11/2/2009,2.19
11/3/2009,2.19
11/4/2009,2.19
11/5/2009,2.18
11/6/2009,2.18
11/9/2009,2.17
11/10/2009,2.16
11/11/2009,2.16
11/12/2009,2.16
11/13/2009,2.16
11/16/2009,2.15
11/17/2009,2.15
11/18/2009,2.15
11/19/2009,2.15
11/20/2009,2.15
11/23/2009,2.15
11/24/2009,2.16
11/25/2009,2.16
11/26/2009,2.16
11/27/2009,2.19
11/30/2009,2.21
12/1/2009,2.21
12/2/2009,2.19
12/3/2009,2.17
12/4/2009,2.15
12/7/2009,2.13
12/8/2009,2.13
12/9/2009,2.12
12/10/2009,2.1
12/11/2009,2.08
12/14/2009,2.04
12/15/2009,2.02
12/16/2009,2.01
12/17/2009,2.01
12/18/2009,1.99
12/21/2009,1.98
12/22/2009,1.96
12/23/2009,1.96
12/24/2009,1.94
12/28/2009,1.93
12/29/2009,1.91
12/30/2009,1.9
12/31/2009,1.9
1/4/2010,1.88
1/5/2010,1.85
1/6/2010,1.83
1/7/2010,1.81
1/8/2010,1.78
1/11/2010,1.76
1/12/2010,1.76
1/13/2010,1.76
1/14/2010,1.76
1/15/2010,1.77
1/18/2010,1.77
1/19/2010,1.78
1/20/2010,1.78
1/21/2010,1.79
1/22/2010,1.8
1/25/2010,1.82
1/26/2010,1.82
1/27/2010,1.82
1/28/2010,1.83
1/29/2010,1.83
1/31/2010,1.81
2/1/2010,1.84
2/2/2010,1.82
2/3/2010,1.82
2/4/2010,1.85
2/5/2010,1.88
2/8/2010,1.89
2/9/2010,1.9
2/10/2010,1.9
2/11/2010,1.91
2/12/2010,1.91
2/15/2010,1.9
2/16/2010,1.91
2/17/2010,1.9
2/18/2010,1.88
2/19/2010,1.86
2/22/2010,1.85
2/23/2010,1.84
2/24/2010,1.84
2/25/2010,1.85
2/26/2010,1.84
2/28/2010,1.85
3/1/2010,1.86
3/2/2010,1.83
3/3/2010,1.83
3/4/2010,1.83
3/5/2010,1.8
3/8/2010,1.78
3/9/2010,1.77
3/10/2010,1.76
3/11/2010,1.75
3/12/2010,1.74
3/15/2010,1.73
3/16/2010,1.72
3/17/2010,1.71
3/18/2010,1.69
3/19/2010,1.68
3/22/2010,1.68
3/23/2010,1.68
3/24/2010,1.66
3/25/2010,1.64
3/26/2010,1.63
3/29/2010,1.63
3/30/2010,1.63
3/31/2010,1.61
4/1/2010,1.61
4/5/2010,1.59
4/6/2010,1.57
4/7/2010,1.58
4/8/2010,1.58
4/9/2010,1.57
4/12/2010,1.56
4/13/2010,1.55
4/14/2010,1.53
4/15/2010,1.52
4/16/2010,1.53
4/19/2010,1.53
4/20/2010,1.52
4/21/2010,1.51
4/22/2010,1.52
4/23/2010,1.51
4/26/2010,1.52
4/27/2010,1.54
4/28/2010,1.55
4/29/2010,1.55
4/30/2010,1.55
5/3/2010,1.57
5/4/2010,1.6
5/5/2010,1.64
5/6/2010,1.76
5/7/2010,1.84
5/10/2010,1.77
5/11/2010,1.79
5/12/2010,1.77
5/13/2010,1.76
5/14/2010,1.79
5/17/2010,1.79
5/18/2010,1.81
5/19/2010,1.86
5/20/2010,1.96
5/21/2010,1.97
5/24/2010,1.98
5/25/2010,2.06
5/26/2010,2.04
5/27/2010,2.02
5/28/2010,2.02
5/31/2010,2.02
6/1/2010,2.05
6/2/2010,2.07
6/3/2010,2.05
6/4/2010,2.08
6/7/2010,2.08
6/8/2010,2.11
6/9/2010,2.12
6/10/2010,2.13
6/11/2010,2.13
6/14/2010,2.11
6/15/2010,2.11
6/16/2010,2.1
6/17/2010,2.09
6/18/2010,2.08
6/21/2010,2.05
6/22/2010,2.05
6/23/2010,2.06
6/24/2010,2.07
6/25/2010,2.07
6/28/2010,2.08
6/29/2010,2.09
6/30/2010,2.09
7/1/2010,2.09
7/2/2010,2.08
7/5/2010,2.09
7/6/2010,2.07
7/7/2010,2.08
7/8/2010,2.06
7/9/2010,2.04
7/12/2010,2.03
7/13/2010,2
7/14/2010,1.98
7/15/2010,1.98
7/16/2010,1.98
7/19/2010,1.98
7/20/2010,1.98
7/21/2010,1.97
7/22/2010,1.96
7/23/2010,1.93
7/26/2010,1.91
7/27/2010,1.87
7/28/2010,1.87
7/29/2010,1.86
7/30/2010,1.88
7/31/2010,1.89
8/2/2010,1.88
8/3/2010,1.88
8/4/2010,1.87
8/5/2010,1.87
8/6/2010,1.87
8/9/2010,1.86
8/10/2010,1.88
8/11/2010,1.9
8/12/2010,1.91
8/13/2010,1.9
8/16/2010,1.9
8/17/2010,1.89
8/18/2010,1.88
8/19/2010,1.88
8/20/2010,1.88
8/23/2010,1.88
8/24/2010,1.9
8/25/2010,1.9
8/26/2010,1.91
8/27/2010,1.91
8/30/2010,1.92
8/31/2010,1.95
9/1/2010,1.94
9/2/2010,1.93
9/3/2010,1.91
9/6/2010,1.9
9/7/2010,1.9
9/8/2010,1.89
9/9/2010,1.88
9/10/2010,1.87
9/13/2010,1.85
9/14/2010,1.84
9/15/2010,1.85
9/16/2010,1.84
9/17/2010,1.84
9/20/2010,1.83
9/21/2010,1.83
9/22/2010,1.84
9/23/2010,1.84
9/24/2010,1.84
9/27/2010,1.84
9/28/2010,1.84
9/29/2010,1.84
9/30/2010,1.84
10/1/2010,1.84
10/4/2010,1.84
10/5/2010,1.83
10/6/2010,1.82
10/7/2010,1.81
10/8/2010,1.81
10/11/2010,1.81
10/12/2010,1.8
10/13/2010,1.8
10/14/2010,1.81
10/15/2010,1.82
10/18/2010,1.82
10/19/2010,1.82
10/20/2010,1.83
10/21/2010,1.82
10/22/2010,1.81
10/25/2010,1.79
10/26/2010,1.78
10/27/2010,1.76
10/28/2010,1.77
10/29/2010,1.77
10/31/2010,1.77
11/1/2010,1.79
11/2/2010,1.78
11/3/2010,1.78
11/4/2010,1.77
11/5/2010,1.76
11/8/2010,1.75
11/9/2010,1.74
11/10/2010,1.75
11/11/2010,1.75
11/12/2010,1.76
11/15/2010,1.76
11/16/2010,1.76
11/17/2010,1.77
11/18/2010,1.75
11/19/2010,1.75
11/22/2010,1.75
11/23/2010,1.77
11/24/2010,1.77
11/25/2010,1.77
11/26/2010,1.76
11/29/2010,1.79
11/30/2010,1.82
12/1/2010,1.81
12/2/2010,1.8
12/3/2010,1.79
12/6/2010,1.79
12/7/2010,1.76
12/8/2010,1.74
12/9/2010,1.72
12/10/2010,1.71
12/13/2010,1.71
12/14/2010,1.7
12/15/2010,1.69
12/16/2010,1.7
12/17/2010,1.69
12/20/2010,1.69
12/21/2010,1.69
12/22/2010,1.68
12/23/2010,1.66
12/24/2010,1.66
12/27/2010,1.67
12/28/2010,1.66
12/29/2010,1.67
12/30/2010,1.66
12/31/2010,1.66
1/3/2011,1.66
1/4/2011,1.64
1/5/2011,1.63
1/6/2011,1.62
1/7/2011,1.63
1/10/2011,1.64
1/11/2011,1.63
1/12/2011,1.63
1/13/2011,1.63
1/14/2011,1.63
1/17/2011,1.62
1/18/2011,1.62
1/19/2011,1.61
1/20/2011,1.61
1/21/2011,1.6
1/24/2011,1.59
1/25/2011,1.6
1/26/2011,1.59
1/27/2011,1.59
1/28/2011,1.6
1/31/2011,1.62
2/1/2011,1.61
2/2/2011,1.59
2/3/2011,1.58
2/4/2011,1.55
2/7/2011,1.53
2/8/2011,1.52
2/9/2011,1.52
2/10/2011,1.51
2/11/2011,1.5
2/14/2011,1.5
2/15/2011,1.49
2/16/2011,1.49
2/17/2011,1.48
2/18/2011,1.48
2/21/2011,1.48
2/22/2011,1.49
2/23/2011,1.5
2/24/2011,1.51
2/25/2011,1.51
2/28/2011,1.51
3/1/2011,1.52
3/2/2011,1.51
3/3/2011,1.49
3/4/2011,1.49
3/7/2011,1.49
3/8/2011,1.48
3/9/2011,1.49
3/10/2011,1.51
3/11/2011,1.51
3/14/2011,1.51
3/15/2011,1.55
3/16/2011,1.57
3/17/2011,1.57
3/18/2011,1.55
3/21/2011,1.54
3/22/2011,1.53
3/23/2011,1.53
3/24/2011,1.52
3/25/2011,1.5
3/28/2011,1.5
3/29/2011,1.49
3/30/2011,1.5
3/31/2011,1.5
4/1/2011,1.5
4/4/2011,1.5
4/5/2011,1.48
4/6/2011,1.47
4/7/2011,1.46
4/8/2011,1.45
4/11/2011,1.45
4/12/2011,1.46
4/13/2011,1.46
4/14/2011,1.46
4/15/2011,1.46
4/18/2011,1.47
4/19/2011,1.48
4/20/2011,1.47
4/21/2011,1.46
4/25/2011,1.46
4/26/2011,1.46
4/27/2011,1.46
4/28/2011,1.46
4/29/2011,1.46
4/30/2011,1.47
5/2/2011,1.48
5/3/2011,1.47
5/4/2011,1.47
5/5/2011,1.48
5/6/2011,1.48
5/9/2011,1.48
5/10/2011,1.48
5/11/2011,1.49
5/12/2011,1.49
5/13/2011,1.49
5/16/2011,1.5
5/17/2011,1.5
5/18/2011,1.5
5/19/2011,1.5
5/20/2011,1.5
5/23/2011,1.51
5/24/2011,1.51
5/25/2011,1.53
5/26/2011,1.54
5/27/2011,1.54
5/30/2011,1.54
5/31/2011,1.56
6/1/2011,1.57
6/2/2011,1.59
6/3/2011,1.6
6/6/2011,1.6
6/7/2011,1.6
6/8/2011,1.62
6/9/2011,1.62
6/10/2011,1.62
6/13/2011,1.63
6/14/2011,1.62
6/15/2011,1.65
6/16/2011,1.66
6/17/2011,1.66
6/20/2011,1.67
6/21/2011,1.66
6/22/2011,1.67
6/23/2011,1.69
6/24/2011,1.7
6/27/2011,1.71
6/28/2011,1.69
6/29/2011,1.67
6/30/2011,1.64
7/1/2011,1.61
7/4/2011,1.61
7/5/2011,1.62
7/6/2011,1.63
7/7/2011,1.61
7/8/2011,1.62
7/11/2011,1.64
7/12/2011,1.66
7/13/2011,1.66
7/14/2011,1.65
7/15/2011,1.67
7/18/2011,1.68
7/19/2011,1.68
7/20/2011,1.68
7/21/2011,1.67
7/22/2011,1.66
7/25/2011,1.66
7/26/2011,1.65
7/27/2011,1.65
7/28/2011,1.64
7/29/2011,1.65
7/31/2011,1.66
8/1/2011,1.66
8/2/2011,1.68
8/3/2011,1.68
8/4/2011,1.73
8/5/2011,1.74
8/8/2011,1.9
8/9/2011,1.96
8/10/2011,2.01
8/11/2011,2.09
8/12/2011,2.08
8/15/2011,2.09
8/16/2011,2.09
8/17/2011,2.09
8/18/2011,2.14
8/19/2011,2.17
8/22/2011,2.17
8/23/2011,2.24
8/24/2011,2.27
8/25/2011,2.25
8/26/2011,2.27
8/29/2011,2.27
8/30/2011,2.25
8/31/2011,2.21
9/1/2011,2.2
9/2/2011,2.21
9/5/2011,2.21
9/6/2011,2.24
9/7/2011,2.24
9/8/2011,2.24
9/9/2011,2.27
9/12/2011,2.32
9/13/2011,2.33
9/14/2011,2.33
9/15/2011,2.33
9/16/2011,2.32
9/19/2011,2.36
9/20/2011,2.36
9/21/2011,2.38
9/22/2011,2.51
9/23/2011,2.55
9/26/2011,2.55
9/27/2011,2.53
9/28/2011,2.54
9/29/2011,2.54
9/30/2011,2.57
10/3/2011,2.62
10/4/2011,2.72
10/5/2011,2.72
10/6/2011,2.7
10/7/2011,2.65
10/10/2011,2.65
10/11/2011,2.6
10/12/2011,2.55
10/13/2011,2.54
10/14/2011,2.51
10/17/2011,2.49
10/18/2011,2.49
10/19/2011,2.43
10/20/2011,2.42
10/21/2011,2.38
10/24/2011,2.34
10/25/2011,2.32
10/26/2011,2.31
10/27/2011,2.19
10/28/2011,2.17
10/31/2011,2.22
11/1/2011,2.29
11/2/2011,2.28
11/3/2011,2.27
11/4/2011,2.28
11/7/2011,2.29
11/8/2011,2.3
11/9/2011,2.36
11/10/2011,2.37
11/11/2011,2.37
11/14/2011,2.39
11/15/2011,2.41
11/16/2011,2.44
11/17/2011,2.48
11/18/2011,2.49
11/21/2011,2.55
11/22/2011,2.61
11/23/2011,2.64
11/24/2011,2.64
11/25/2011,2.65
11/28/2011,2.66
11/29/2011,2.67
11/30/2011,2.66
12/1/2011,2.64
12/2/2011,2.6
12/5/2011,2.56
12/6/2011,2.56
12/7/2011,2.56
12/8/2011,2.58
12/9/2011,2.59
12/12/2011,2.61
12/13/2011,2.61
12/14/2011,2.62
12/15/2011,2.62
12/16/2011,2.62
12/19/2011,2.62
12/20/2011,2.62
12/21/2011,2.62
12/22/2011,2.6
12/23/2011,2.6
12/27/2011,2.6
12/28/2011,2.58
12/29/2011,2.57
12/30/2011,2.56
12/31/2011,2.57
1/3/2012,2.54
1/4/2012,2.53
1/5/2012,2.52
1/6/2012,2.51
1/9/2012,2.5
1/10/2012,2.48
1/11/2012,2.49
1/12/2012,2.47
1/13/2012,2.48
1/16/2012,2.47
1/17/2012,2.46
1/18/2012,2.44
1/19/2012,2.4
1/20/2012,2.38
1/23/2012,2.34
1/24/2012,2.33
1/25/2012,2.32
1/26/2012,2.29
1/27/2012,2.28
1/30/2012,2.28
1/31/2012,2.29
2/1/2012,2.27
2/2/2012,2.25
2/3/2012,2.2
2/6/2012,2.19
2/7/2012,2.17
2/8/2012,2.15
2/9/2012,2.13
2/10/2012,2.15
2/13/2012,2.14
2/14/2012,2.13
2/15/2012,2.14
2/16/2012,2.15
2/17/2012,2.12
2/20/2012,2.12
2/21/2012,2.11
2/22/2012,2.1
2/23/2012,2.1
2/24/2012,2.08
2/27/2012,2.08
2/28/2012,2.06
2/29/2012,2.03
3/1/2012,2.01
3/2/2012,2
3/5/2012,2
3/6/2012,2.03
3/7/2012,2.03
3/8/2012,2.02
3/9/2012,2.01
3/12/2012,2
3/13/2012,1.98
3/14/2012,1.94
3/15/2012,1.93
3/16/2012,1.91
3/19/2012,1.9
3/20/2012,1.89
3/21/2012,1.89
3/22/2012,1.91
3/23/2012,1.91
3/26/2012,1.91
3/27/2012,1.91
3/28/2012,1.92
3/29/2012,1.93
3/30/2012,1.92
3/31/2012,1.92
4/2/2012,1.92
4/3/2012,1.92
4/4/2012,1.94
4/5/2012,1.96
4/9/2012,1.99
4/10/2012,2.02
4/11/2012,2.03
4/12/2012,2.01
4/13/2012,2.02
4/16/2012,2.02
4/17/2012,2.01
4/18/2012,2.02
4/19/2012,2.01
4/20/2012,2.02
4/23/2012,2.03
4/24/2012,2.03
4/25/2012,2.02
4/26/2012,2.02
4/27/2012,2.02
4/30/2012,2.03
5/1/2012,2.02
5/2/2012,2.01
5/3/2012,2
5/4/2012,2
5/7/2012,2.01
5/8/2012,2.02
5/9/2012,2.03
5/10/2012,2.03
5/11/2012,2.04
5/14/2012,2.08
5/15/2012,2.09
5/16/2012,2.13
5/17/2012,2.18
5/18/2012,2.23
5/21/2012,2.24
5/22/2012,2.23
5/23/2012,2.25
5/24/2012,2.25
5/25/2012,2.24
5/28/2012,2.24
5/29/2012,2.23
5/30/2012,2.26
5/31/2012,2.29
6/1/2012,2.33
6/4/2012,2.33
6/5/2012,2.33
6/6/2012,2.3
6/7/2012,2.27
6/8/2012,2.26
6/11/2012,2.25
6/12/2012,2.26
6/13/2012,2.26
6/14/2012,2.25
6/15/2012,2.24
6/18/2012,2.24
6/19/2012,2.21
6/20/2012,2.2
6/21/2012,2.18
6/22/2012,2.17
6/25/2012,2.18
6/26/2012,2.18
6/27/2012,2.18
6/28/2012,2.19
6/29/2012,2.15
6/30/2012,2.15
7/2/2012,2.13
7/3/2012,2.12
7/4/2012,2.12
7/5/2012,2.11
7/6/2012,2.11
7/9/2012,2.11
7/10/2012,2.1
7/11/2012,2.09
7/12/2012,2.09
7/13/2012,2.07
7/16/2012,2.05
7/17/2012,2.03
7/18/2012,2.01
7/19/2012,1.98
7/20/2012,1.99
7/23/2012,2.01
7/24/2012,2.01
7/25/2012,2.01
7/26/2012,2
7/27/2012,1.95
7/30/2012,1.94
7/31/2012,1.94
8/1/2012,1.93
8/2/2012,1.94
8/3/2012,1.92
8/6/2012,1.9
8/7/2012,1.89
8/8/2012,1.88
8/9/2012,1.88
8/10/2012,1.87
8/13/2012,1.88
8/14/2012,1.86
8/15/2012,1.86
8/16/2012,1.86
8/17/2012,1.85
8/20/2012,1.84
8/21/2012,1.84
8/22/2012,1.84
8/23/2012,1.84
8/24/2012,1.84
8/27/2012,1.84
8/28/2012,1.84
8/29/2012,1.84
8/30/2012,1.85
8/31/2012,1.86
9/3/2012,1.86
9/4/2012,1.85
9/5/2012,1.85
9/6/2012,1.83
9/7/2012,1.81
9/10/2012,1.8
9/11/2012,1.79
9/12/2012,1.77
9/13/2012,1.76
9/14/2012,1.7
9/17/2012,1.68
9/18/2012,1.68
9/19/2012,1.67
9/20/2012,1.68
9/21/2012,1.67
9/24/2012,1.67
9/25/2012,1.68
9/26/2012,1.7
9/27/2012,1.7
9/28/2012,1.68
9/30/2012,1.69
10/1/2012,1.68
10/2/2012,1.67
10/3/2012,1.67
10/4/2012,1.64
10/5/2012,1.62
10/8/2012,1.61
10/9/2012,1.61
10/10/2012,1.6
10/11/2012,1.59
10/12/2012,1.58
10/15/2012,1.56
10/16/2012,1.52
10/17/2012,1.48
10/18/2012,1.46
10/19/2012,1.47
10/22/2012,1.47
10/23/2012,1.49
10/24/2012,1.49
10/25/2012,1.48
10/26/2012,1.49
10/29/2012,1.49
10/31/2012,1.51
11/1/2012,1.5
11/2/2012,1.5
11/5/2012,1.51
11/6/2012,1.5
11/7/2012,1.54
11/8/2012,1.55
11/9/2012,1.57
11/12/2012,1.57
11/13/2012,1.59
11/14/2012,1.6
11/15/2012,1.62
11/16/2012,1.62
11/19/2012,1.61
11/20/2012,1.61
11/21/2012,1.61
11/22/2012,1.61
11/23/2012,1.61
11/26/2012,1.6
11/27/2012,1.6
11/28/2012,1.61
11/29/2012,1.61
11/30/2012,1.6
12/3/2012,1.6
12/4/2012,1.6
12/5/2012,1.6
12/6/2012,1.6
12/7/2012,1.59
12/10/2012,1.59
12/11/2012,1.59
12/12/2012,1.58
12/13/2012,1.58
12/14/2012,1.57
12/17/2012,1.56
12/18/2012,1.55
12/19/2012,1.54
12/20/2012,1.53
12/21/2012,1.53
12/24/2012,1.53
12/26/2012,1.54
12/27/2012,1.54
12/28/2012,1.53
12/31/2012,1.54
1/2/2013,1.5
1/3/2013,1.48
1/4/2013,1.46
1/7/2013,1.45
1/8/2013,1.45
1/9/2013,1.46
1/10/2013,1.45
1/11/2013,1.45
1/14/2013,1.45
1/15/2013,1.47
1/16/2013,1.47
1/17/2013,1.47
1/18/2013,1.47
1/21/2013,1.46
1/22/2013,1.47
1/23/2013,1.47
1/24/2013,1.47
1/25/2013,1.45
1/28/2013,1.44
1/29/2013,1.44
1/30/2013,1.45
1/31/2013,1.48
2/1/2013,1.47
2/4/2013,1.49
2/5/2013,1.48
2/6/2013,1.49
2/7/2013,1.49
2/8/2013,1.49
2/11/2013,1.48
2/12/2013,1.48
2/13/2013,1.47
2/14/2013,1.47
2/15/2013,1.47
2/18/2013,1.47
2/19/2013,1.47
2/20/2013,1.47
2/21/2013,1.47
2/22/2013,1.47
2/25/2013,1.47
2/26/2013,1.49
2/27/2013,1.49
2/28/2013,1.49
3/1/2013,1.49
3/4/2013,1.49
3/5/2013,1.48
3/6/2013,1.47
3/7/2013,1.46
3/8/2013,1.45
3/11/2013,1.45
3/12/2013,1.45
3/13/2013,1.45
3/14/2013,1.44
3/15/2013,1.45
3/18/2013,1.46
3/19/2013,1.46
3/20/2013,1.47
3/21/2013,1.47
3/22/2013,1.48
3/25/2013,1.47
3/26/2013,1.49
3/27/2013,1.5
3/28/2013,1.5
3/31/2013,1.51
4/1/2013,1.51
4/2/2013,1.51
4/3/2013,1.52
4/4/2013,1.51
4/5/2013,1.51
4/8/2013,1.5
4/9/2013,1.49
4/10/2013,1.48
4/11/2013,1.48
4/12/2013,1.48
4/15/2013,1.48
4/16/2013,1.48
4/17/2013,1.49
4/18/2013,1.49
4/19/2013,1.49
4/22/2013,1.48
4/23/2013,1.47
4/24/2013,1.47
4/25/2013,1.47
4/26/2013,1.47
4/29/2013,1.47
4/30/2013,1.47
5/1/2013,1.47
5/2/2013,1.47
5/3/2013,1.45
5/6/2013,1.44
5/7/2013,1.43
5/8/2013,1.43
5/9/2013,1.43
5/10/2013,1.43
5/13/2013,1.43
5/14/2013,1.42
5/15/2013,1.42
5/16/2013,1.43
5/17/2013,1.42
5/20/2013,1.41
5/21/2013,1.42
5/22/2013,1.41
5/23/2013,1.42
5/24/2013,1.42
5/27/2013,1.42
5/28/2013,1.41
5/29/2013,1.43
5/30/2013,1.44
5/31/2013,1.47
6/3/2013,1.48
6/4/2013,1.49
6/5/2013,1.53
6/6/2013,1.55
6/7/2013,1.54
6/10/2013,1.54
6/11/2013,1.58
6/12/2013,1.58
6/13/2013,1.59
6/14/2013,1.57
6/17/2013,1.57
6/18/2013,1.58
6/19/2013,1.57
6/20/2013,1.65
6/21/2013,1.66
6/24/2013,1.72
6/25/2013,1.71
6/26/2013,1.7
6/27/2013,1.68
6/28/2013,1.67
6/30/2013,1.67
7/1/2013,1.67
7/2/2013,1.65
7/3/2013,1.66
7/4/2013,1.66
7/5/2013,1.64
7/8/2013,1.64
7/9/2013,1.62
7/10/2013,1.62
7/11/2013,1.61
7/12/2013,1.6
7/15/2013,1.59
7/16/2013,1.57
7/17/2013,1.57
7/18/2013,1.55
7/19/2013,1.54
7/22/2013,1.53
7/23/2013,1.52
7/24/2013,1.52
7/25/2013,1.53
7/26/2013,1.53
7/29/2013,1.53
7/30/2013,1.53
7/31/2013,1.53
8/1/2013,1.51
8/2/2013,1.53
8/5/2013,1.52
8/6/2013,1.52
8/7/2013,1.53
8/8/2013,1.53
8/9/2013,1.53
8/12/2013,1.53
8/13/2013,1.52
8/14/2013,1.53
8/15/2013,1.54
8/16/2013,1.53
8/19/2013,1.54
8/20/2013,1.55
8/21/2013,1.55
8/22/2013,1.55
8/23/2013,1.54
8/26/2013,1.54
8/27/2013,1.55
8/28/2013,1.55
8/29/2013,1.55
9/2/2013,1.55
9/3/2013,1.55
9/4/2013,1.54
9/5/2013,1.55
9/6/2013,1.54
9/9/2013,1.55
9/10/2013,1.55
9/11/2013,1.55
9/12/2013,1.55
9/13/2013,1.54
9/16/2013,1.54
9/17/2013,1.54
9/18/2013,1.56
9/19/2013,1.52
9/20/2013,1.52
9/23/2013,1.52
9/24/2013,1.52
9/25/2013,1.52
9/26/2013,1.52
9/27/2013,1.53
9/30/2013,1.56
10/1/2013,1.55
10/2/2013,1.55
10/3/2013,1.54
10/4/2013,1.54
10/7/2013,1.53
10/8/2013,1.52
10/9/2013,1.52
10/10/2013,1.51
10/11/2013,1.5
10/14/2013,1.5
10/15/2013,1.49
10/16/2013,1.48
10/17/2013,1.48
10/18/2013,1.46
10/21/2013,1.45
10/22/2013,1.45
10/23/2013,1.45
10/24/2013,1.45
10/25/2013,1.45
10/28/2013,1.45
10/29/2013,1.44
10/30/2013,1.45
10/31/2013,1.45
11/1/2013,1.44
11/4/2013,1.45
11/5/2013,1.45
11/6/2013,1.46
11/7/2013,1.46
11/8/2013,1.46
11/11/2013,1.46
11/12/2013,1.46
11/13/2013,1.46
11/14/2013,1.46
11/15/2013,1.45
11/18/2013,1.44
11/19/2013,1.43
11/20/2013,1.43
11/21/2013,1.43
11/22/2013,1.42
11/25/2013,1.41
11/26/2013,1.42
11/27/2013,1.41
11/28/2013,1.41
11/29/2013,1.41
11/30/2013,1.41
12/2/2013,1.4
12/3/2013,1.4
12/4/2013,1.4
12/5/2013,1.4
12/6/2013,1.39
12/9/2013,1.38
12/10/2013,1.38
12/11/2013,1.37
12/12/2013,1.36
12/13/2013,1.35
12/16/2013,1.34
12/17/2013,1.34
12/18/2013,1.33
12/19/2013,1.31
12/20/2013,1.3
12/23/2013,1.3
12/24/2013,1.29
12/26/2013,1.29
12/27/2013,1.29
12/30/2013,1.28
12/31/2013,1.28
1/2/2014,1.27
1/3/2014,1.27
1/6/2014,1.26
1/7/2014,1.25
1/8/2014,1.25
1/9/2014,1.24
1/10/2014,1.25
1/13/2014,1.25
1/14/2014,1.24
1/15/2014,1.23
1/16/2014,1.23
1/17/2014,1.23
1/20/2014,1.23
1/21/2014,1.22
1/22/2014,1.22
1/23/2014,1.25
1/24/2014,1.27
1/27/2014,1.27
1/28/2014,1.27
1/29/2014,1.28
1/30/2014,1.28
1/31/2014,1.3
2/3/2014,1.32
2/4/2014,1.31
2/5/2014,1.31
2/6/2014,1.29
2/7/2014,1.29
2/10/2014,1.28
2/11/2014,1.27
2/12/2014,1.26
2/13/2014,1.26
2/14/2014,1.25
2/17/2014,1.25
2/18/2014,1.25
2/19/2014,1.24
2/20/2014,1.24
2/21/2014,1.24
2/24/2014,1.23
2/25/2014,1.22
2/26/2014,1.23
2/27/2014,1.23
2/28/2014,1.22
3/3/2014,1.23
3/4/2014,1.22
3/5/2014,1.22
3/6/2014,1.21
3/7/2014,1.21
3/10/2014,1.21
3/11/2014,1.22
3/12/2014,1.23
3/13/2014,1.24
3/14/2014,1.25
3/17/2014,1.24
3/18/2014,1.24
3/19/2014,1.21
3/20/2014,1.21
3/21/2014,1.2
3/24/2014,1.2
3/25/2014,1.19
3/26/2014,1.19
3/27/2014,1.19
3/28/2014,1.17
3/31/2014,1.19
4/1/2014,1.17
4/2/2014,1.16
4/3/2014,1.16
4/4/2014,1.16
4/7/2014,1.15
4/8/2014,1.15
4/9/2014,1.15
4/10/2014,1.15
4/11/2014,1.16
4/14/2014,1.16
4/15/2014,1.16
4/16/2014,1.15
4/17/2014,1.14
4/21/2014,1.13
4/22/2014,1.13
4/23/2014,1.13
4/24/2014,1.13
4/25/2014,1.14
4/28/2014,1.14
4/29/2014,1.14
4/30/2014,1.14
5/1/2014,1.14
5/2/2014,1.14
5/5/2014,1.13
5/6/2014,1.13
5/7/2014,1.13
5/8/2014,1.13
5/9/2014,1.13
5/12/2014,1.13
5/13/2014,1.13
5/14/2014,1.13
5/15/2014,1.13
5/16/2014,1.13
5/19/2014,1.13
5/20/2014,1.13
5/21/2014,1.13
5/22/2014,1.13
5/23/2014,1.13
5/26/2014,1.13
5/27/2014,1.12
5/28/2014,1.13
5/29/2014,1.12
5/30/2014,1.11
5/31/2014,1.12
6/2/2014,1.12
6/3/2014,1.12
6/4/2014,1.12
6/5/2014,1.12
6/6/2014,1.1
6/9/2014,1.09
6/10/2014,1.08
6/11/2014,1.09
6/12/2014,1.09
6/13/2014,1.09
6/16/2014,1.09
6/17/2014,1.08
6/18/2014,1.09
6/19/2014,1.08
6/20/2014,1.08
6/23/2014,1.07
6/24/2014,1.06
6/25/2014,1.07
6/26/2014,1.07
6/27/2014,1.08
6/30/2014,1.09
7/1/2014,1.09
7/2/2014,1.08
7/3/2014,1.08
7/4/2014,1.08
7/7/2014,1.07
7/8/2014,1.07
7/9/2014,1.08
7/10/2014,1.09
7/11/2014,1.08
7/14/2014,1.08
7/15/2014,1.08
7/16/2014,1.08
7/17/2014,1.09
7/18/2014,1.09
7/21/2014,1.09
7/22/2014,1.09
7/23/2014,1.09
7/24/2014,1.09
7/25/2014,1.09
7/28/2014,1.08
7/29/2014,1.09
7/30/2014,1.09
7/31/2014,1.1
8/1/2014,1.12
8/4/2014,1.12
8/5/2014,1.12
8/6/2014,1.14
8/7/2014,1.14
8/8/2014,1.14
8/11/2014,1.14
8/12/2014,1.14
8/13/2014,1.14
8/14/2014,1.14
8/15/2014,1.14
8/18/2014,1.13
8/19/2014,1.13
8/20/2014,1.13
8/21/2014,1.12
8/22/2014,1.12
8/25/2014,1.12
8/26/2014,1.11
8/27/2014,1.11
8/28/2014,1.12
8/29/2014,1.12
8/31/2014,1.12
9/1/2014,1.12
9/2/2014,1.12
9/3/2014,1.12
9/4/2014,1.12
9/5/2014,1.12
9/8/2014,1.12
9/9/2014,1.12
9/10/2014,1.13
9/11/2014,1.14
9/12/2014,1.14
9/15/2014,1.14
9/16/2014,1.15
9/17/2014,1.14
9/18/2014,1.14
9/19/2014,1.13
9/22/2014,1.14
9/23/2014,1.14
9/24/2014,1.15
9/25/2014,1.16
9/26/2014,1.17
9/29/2014,1.19
9/30/2014,1.2
10/1/2014,1.21
10/2/2014,1.22
10/3/2014,1.21
10/6/2014,1.2
10/7/2014,1.2
10/8/2014,1.22
10/9/2014,1.22
10/10/2014,1.23
10/13/2014,1.23
10/14/2014,1.24
10/15/2014,1.29
10/16/2014,1.29
10/17/2014,1.28
10/20/2014,1.28
10/21/2014,1.28
10/22/2014,1.27
10/23/2014,1.27
10/24/2014,1.27
10/27/2014,1.27
10/28/2014,1.27
10/29/2014,1.26
10/30/2014,1.27
10/31/2014,1.27
11/3/2014,1.27
11/4/2014,1.28
11/5/2014,1.28
11/6/2014,1.29
11/7/2014,1.3
11/10/2014,1.29
11/11/2014,1.29
11/12/2014,1.3
11/13/2014,1.31
11/14/2014,1.32
11/17/2014,1.33
11/18/2014,1.34
11/19/2014,1.35
11/20/2014,1.35
11/21/2014,1.34
11/24/2014,1.34
11/25/2014,1.34
11/26/2014,1.34
11/27/2014,1.33
11/28/2014,1.34
11/30/2014,1.35
12/1/2014,1.36
12/2/2014,1.36
12/3/2014,1.37
12/4/2014,1.37
12/5/2014,1.37
12/8/2014,1.38
12/9/2014,1.4
12/10/2014,1.42
12/11/2014,1.43
12/12/2014,1.45
12/15/2014,1.47
12/16/2014,1.51
12/17/2014,1.5
12/18/2014,1.47
12/19/2014,1.46
12/22/2014,1.44
12/23/2014,1.43
12/24/2014,1.43
12/26/2014,1.43
12/29/2014,1.43
12/30/2014,1.43
12/31/2014,1.44
1/2/2015,1.45
1/5/2015,1.46
1/6/2015,1.48
1/7/2015,1.49
1/8/2015,1.47
1/9/2015,1.48
1/12/2015,1.49
1/13/2015,1.5
1/14/2015,1.52
1/15/2015,1.53
1/19/2015,1.53
1/20/2015,1.53
1/21/2015,1.52
1/22/2015,1.51
1/23/2015,1.5
1/26/2015,1.49
1/27/2015,1.5
1/28/2015,1.51
1/29/2015,1.51
1/30/2015,1.52
1/31/2015,1.53
2/2/2015,1.53
2/3/2015,1.51
2/4/2015,1.5
2/5/2015,1.49
2/6/2015,1.46
2/9/2015,1.45
2/10/2015,1.45
2/11/2015,1.45
2/12/2015,1.43
2/13/2015,1.43
2/16/2015,1.43
2/17/2015,1.41
2/18/2015,1.4
2/19/2015,1.39
2/20/2015,1.38
2/23/2015,1.38
2/24/2015,1.38
2/25/2015,1.39
2/26/2015,1.37
2/27/2015,1.38
2/28/2015,1.32
3/2/2015,1.31
3/3/2015,1.3
3/4/2015,1.31
3/5/2015,1.31
3/6/2015,1.29
3/9/2015,1.3
3/10/2015,1.32
3/11/2015,1.32
3/12/2015,1.33
3/13/2015,1.34
3/16/2015,1.35
3/17/2015,1.37
3/18/2015,1.38
3/19/2015,1.38
3/20/2015,1.38
3/23/2015,1.38
3/24/2015,1.38
3/25/2015,1.38
3/26/2015,1.38
3/27/2015,1.38
3/30/2015,1.38
3/31/2015,1.36
4/1/2015,1.37
4/2/2015,1.36
4/6/2015,1.36
4/7/2015,1.34
4/8/2015,1.34
4/9/2015,1.33
4/10/2015,1.32
4/13/2015,1.32
4/14/2015,1.32
4/15/2015,1.33
4/16/2015,1.33
4/17/2015,1.33
4/20/2015,1.33
4/21/2015,1.32
4/22/2015,1.31
4/23/2015,1.32
4/24/2015,1.32
4/27/2015,1.32
4/28/2015,1.32
4/29/2015,1.32
4/30/2015,1.34
5/1/2015,1.33
5/4/2015,1.33
5/5/2015,1.33
5/6/2015,1.33
5/7/2015,1.33
5/8/2015,1.34
5/11/2015,1.32
5/12/2015,1.33
5/13/2015,1.33
5/14/2015,1.33
5/15/2015,1.33
5/18/2015,1.32
5/19/2015,1.32
5/20/2015,1.33
5/21/2015,1.34
5/22/2015,1.34
5/26/2015,1.34
5/27/2015,1.35
5/28/2015,1.36
5/29/2015,1.37
5/31/2015,1.38
6/1/2015,1.38
6/2/2015,1.38
6/3/2015,1.38
6/4/2015,1.39
6/5/2015,1.38
6/8/2015,1.38
6/9/2015,1.39
6/10/2015,1.4
6/11/2015,1.4
6/12/2015,1.4
6/15/2015,1.42
6/16/2015,1.43
6/17/2015,1.43
6/18/2015,1.44
6/19/2015,1.44
6/22/2015,1.43
6/23/2015,1.43
6/24/2015,1.44
6/25/2015,1.44
6/26/2015,1.43
6/29/2015,1.46
6/30/2015,1.48
7/1/2015,1.46
7/2/2015,1.46
7/3/2015,1.46
7/6/2015,1.47
7/7/2015,1.49
7/8/2015,1.5
7/9/2015,1.5
7/10/2015,1.49
7/13/2015,1.48
7/14/2015,1.49
7/15/2015,1.5
7/16/2015,1.5
7/17/2015,1.5
7/20/2015,1.5
7/21/2015,1.51
7/22/2015,1.52
7/23/2015,1.53
7/24/2015,1.54
7/27/2015,1.55
7/28/2015,1.56
7/29/2015,1.56
7/30/2015,1.56
7/31/2015,1.58
8/3/2015,1.58
8/4/2015,1.58
8/5/2015,1.58
8/6/2015,1.59
8/7/2015,1.6
8/10/2015,1.61
8/11/2015,1.62
8/12/2015,1.64
8/13/2015,1.64
8/14/2015,1.64
8/17/2015,1.64
8/18/2015,1.64
8/19/2015,1.66
8/20/2015,1.67
8/21/2015,1.69
8/24/2015,1.72
8/25/2015,1.72
8/26/2015,1.72
8/27/2015,1.7
8/28/2015,1.69
8/31/2015,1.69
9/1/2015,1.7
9/2/2015,1.69
9/3/2015,1.68
9/4/2015,1.68
9/7/2015,1.68
9/8/2015,1.67
9/9/2015,1.67
9/10/2015,1.67
9/11/2015,1.67
9/14/2015,1.67
9/15/2015,1.66
9/16/2015,1.66
9/17/2015,1.66
9/18/2015,1.66
9/21/2015,1.66
9/22/2015,1.67
9/23/2015,1.68
9/24/2015,1.7
9/25/2015,1.7
9/28/2015,1.74
9/29/2015,1.77
9/30/2015,1.78
10/1/2015,1.79
10/2/2015,1.8
10/5/2015,1.78
10/6/2015,1.77
10/7/2015,1.75
10/8/2015,1.74
10/9/2015,1.73
10/12/2015,1.73
10/13/2015,1.73
10/14/2015,1.74
10/15/2015,1.73
10/16/2015,1.72
10/19/2015,1.72
10/20/2015,1.71
10/21/2015,1.7
10/22/2015,1.69
10/23/2015,1.67
10/26/2015,1.66
10/27/2015,1.67
10/28/2015,1.66
10/29/2015,1.65
10/30/2015,1.65
10/31/2015,1.66
11/2/2015,1.65
11/3/2015,1.64
11/4/2015,1.63
11/5/2015,1.62
11/6/2015,1.61
11/9/2015,1.61
11/10/2015,1.61
11/11/2015,1.61
11/12/2015,1.62
11/13/2015,1.63
11/16/2015,1.63
11/17/2015,1.62
11/18/2015,1.63
11/19/2015,1.62
11/20/2015,1.62
11/23/2015,1.62
11/24/2015,1.63
11/25/2015,1.63
11/26/2015,1.63
11/27/2015,1.63
11/30/2015,1.62
12/1/2015,1.62
12/2/2015,1.63
12/3/2015,1.62
12/4/2015,1.62
12/7/2015,1.63
12/8/2015,1.65
12/9/2015,1.66
12/10/2015,1.67
12/11/2015,1.71
12/14/2015,1.74
12/15/2015,1.74
12/16/2015,1.73
12/17/2015,1.73
12/18/2015,1.74
12/21/2015,1.75
12/22/2015,1.74
12/23/2015,1.74
12/24/2015,1.74
12/28/2015,1.74
12/29/2015,1.73
12/30/2015,1.72
12/31/2015,1.73
1/4/2016,1.73
1/5/2016,1.73
1/6/2016,1.74
1/7/2016,1.75
1/8/2016,1.77
1/11/2016,1.78
1/12/2016,1.8
1/13/2016,1.8
1/14/2016,1.84
1/15/2016,1.89
1/18/2016,1.89
1/19/2016,1.91
1/20/2016,1.98
1/21/2016,1.98
1/22/2016,1.96
1/25/2016,1.98
1/26/2016,1.99
1/27/2016,2
1/28/2016,2.01
1/29/2016,2.02
1/31/2016,2.02
2/1/2016,2.02
2/2/2016,2.06
2/3/2016,2.08
2/4/2016,2.08
2/5/2016,2.09
2/8/2016,2.13
2/9/2016,2.15
2/10/2016,2.17
2/11/2016,2.21
2/12/2016,2.2
2/15/2016,2.2
2/16/2016,2.19
2/17/2016,2.17
2/18/2016,2.16
2/19/2016,2.15
2/22/2016,2.14
2/23/2016,2.14
2/24/2016,2.14
2/25/2016,2.14
2/26/2016,2.11
2/29/2016,2.05
3/1/2016,2.02
3/2/2016,1.99
3/3/2016,1.98
3/4/2016,1.95
3/7/2016,1.93
3/8/2016,1.93
3/9/2016,1.91
3/10/2016,1.88
3/11/2016,1.85
3/14/2016,1.81
3/15/2016,1.8
3/16/2016,1.8
3/17/2016,1.78
3/18/2016,1.76
3/21/2016,1.74
3/22/2016,1.72
3/23/2016,1.72
3/24/2016,1.73
3/28/2016,1.73
3/29/2016,1.73
3/30/2016,1.72
3/31/2016,1.7
4/1/2016,1.69
4/4/2016,1.68
4/5/2016,1.69
4/6/2016,1.69
4/7/2016,1.7
4/8/2016,1.7
4/11/2016,1.69
4/12/2016,1.68
4/13/2016,1.66
4/14/2016,1.64
4/15/2016,1.64
4/18/2016,1.63
4/19/2016,1.61
4/20/2016,1.58
4/21/2016,1.56
4/22/2016,1.55
4/25/2016,1.54
4/26/2016,1.53
4/27/2016,1.53
4/28/2016,1.52
4/29/2016,1.52
4/30/2016,1.52
5/2/2016,1.52
5/3/2016,1.53
5/4/2016,1.54
5/5/2016,1.55
5/6/2016,1.56
5/9/2016,1.56
5/10/2016,1.56
5/11/2016,1.57
5/12/2016,1.56
5/13/2016,1.57
5/16/2016,1.56
5/17/2016,1.56
5/18/2016,1.55
5/19/2016,1.56
5/20/2016,1.56
5/23/2016,1.56
5/24/2016,1.55
5/25/2016,1.55
5/26/2016,1.54
5/27/2016,1.54
5/30/2016,1.54
5/31/2016,1.54
6/1/2016,1.54
6/2/2016,1.54
6/3/2016,1.56
6/6/2016,1.55
6/7/2016,1.54
6/8/2016,1.54
6/9/2016,1.54
6/10/2016,1.56
6/13/2016,1.57
6/14/2016,1.59
6/15/2016,1.6
6/16/2016,1.61
6/17/2016,1.6
6/20/2016,1.58
6/21/2016,1.57
6/22/2016,1.56
6/23/2016,1.54
6/24/2016,1.61
6/27/2016,1.64
6/28/2016,1.63
6/29/2016,1.62
6/30/2016,1.62
7/1/2016,1.61
7/4/2016,1.61
7/5/2016,1.61
7/6/2016,1.6
7/7/2016,1.59
7/8/2016,1.57
7/11/2016,1.55
7/12/2016,1.52
7/13/2016,1.52
7/14/2016,1.5
7/15/2016,1.49
7/18/2016,1.49
7/19/2016,1.48
7/20/2016,1.48
7/21/2016,1.48
7/22/2016,1.47
7/25/2016,1.46
7/26/2016,1.47
7/27/2016,1.48
7/28/2016,1.49
7/29/2016,1.5
7/31/2016,1.5
8/1/2016,1.5
8/2/2016,1.5
8/3/2016,1.51
8/4/2016,1.51
8/5/2016,1.49
8/8/2016,1.47
8/9/2016,1.47
8/10/2016,1.46
8/11/2016,1.45
8/12/2016,1.45
8/15/2016,1.44
8/16/2016,1.43
8/17/2016,1.42
8/18/2016,1.42
8/19/2016,1.4
8/22/2016,1.41
8/23/2016,1.4
8/24/2016,1.4
8/25/2016,1.39
8/26/2016,1.38
8/29/2016,1.38
8/30/2016,1.38
8/31/2016,1.39
9/1/2016,1.39
9/2/2016,1.39
9/5/2016,1.39
9/6/2016,1.4
9/7/2016,1.4
9/8/2016,1.4
9/9/2016,1.4
9/12/2016,1.42
9/13/2016,1.42
9/14/2016,1.43
9/15/2016,1.43
9/16/2016,1.43
9/19/2016,1.42
9/20/2016,1.42
9/21/2016,1.42
9/22/2016,1.41
9/23/2016,1.41
9/26/2016,1.42
9/27/2016,1.43
9/28/2016,1.43
9/29/2016,1.43
9/30/2016,1.43
10/3/2016,1.42
10/4/2016,1.41
10/5/2016,1.4
10/6/2016,1.39
10/7/2016,1.38
10/10/2016,1.38
10/11/2016,1.37
10/12/2016,1.37
10/13/2016,1.37
10/14/2016,1.36
10/17/2016,1.37
10/18/2016,1.36
10/19/2016,1.35
10/20/2016,1.35
10/21/2016,1.35
10/24/2016,1.35
10/25/2016,1.35
10/26/2016,1.36
10/27/2016,1.36
10/28/2016,1.37
10/31/2016,1.38
11/1/2016,1.39
11/2/2016,1.4
11/3/2016,1.41
11/4/2016,1.41
11/7/2016,1.4
11/8/2016,1.39
11/9/2016,1.37
11/10/2016,1.36
11/11/2016,1.36
11/14/2016,1.36
11/15/2016,1.35
11/16/2016,1.35
11/17/2016,1.35
11/18/2016,1.36
11/21/2016,1.36
11/22/2016,1.37
11/23/2016,1.36
11/24/2016,1.36
11/25/2016,1.36
11/28/2016,1.36
11/29/2016,1.36
11/30/2016,1.36
12/1/2016,1.35
12/2/2016,1.35
12/5/2016,1.35
12/6/2016,1.34
12/7/2016,1.34
12/8/2016,1.33
12/9/2016,1.33
12/12/2016,1.32
12/13/2016,1.31
12/14/2016,1.3
12/15/2016,1.3
12/16/2016,1.3
12/19/2016,1.3
12/20/2016,1.29
12/21/2016,1.29
12/22/2016,1.29
12/23/2016,1.29
12/27/2016,1.28
12/28/2016,1.28
12/29/2016,1.28
12/30/2016,1.29
12/31/2016,1.3
1/3/2017,1.28
1/4/2017,1.28
1/5/2017,1.29
1/6/2017,1.28
1/9/2017,1.29
1/10/2017,1.29
1/11/2017,1.29
1/12/2017,1.29
1/13/2017,1.28
1/16/2017,1.28
1/17/2017,1.28
1/18/2017,1.29
1/19/2017,1.28
1/20/2017,1.28
1/23/2017,1.28
1/24/2017,1.27
1/25/2017,1.27
1/26/2017,1.26
1/27/2017,1.26
1/30/2017,1.26
1/31/2017,1.28
2/1/2017,1.28
2/2/2017,1.28
2/3/2017,1.27
2/6/2017,1.27
2/7/2017,1.28
2/8/2017,1.28
2/9/2017,1.28
2/10/2017,1.27
2/13/2017,1.26
2/14/2017,1.24
2/15/2017,1.23
2/16/2017,1.24
2/17/2017,1.24
2/20/2017,1.24
2/21/2017,1.24
2/22/2017,1.23
2/23/2017,1.23
2/24/2017,1.23
2/27/2017,1.22
2/28/2017,1.21
3/1/2017,1.19
3/2/2017,1.18
3/3/2017,1.18
3/6/2017,1.18
3/7/2017,1.19
3/8/2017,1.19
3/9/2017,1.21
3/10/2017,1.21
3/13/2017,1.21
3/14/2017,1.22
3/15/2017,1.23
3/16/2017,1.22
3/17/2017,1.22
3/20/2017,1.22
3/21/2017,1.22
3/22/2017,1.23
3/23/2017,1.23
3/24/2017,1.23
3/27/2017,1.23
3/28/2017,1.22
3/29/2017,1.22
3/30/2017,1.22
3/31/2017,1.24
4/3/2017,1.24
4/4/2017,1.24
4/5/2017,1.24
4/6/2017,1.24
4/7/2017,1.23
4/10/2017,1.23
4/11/2017,1.24
4/12/2017,1.24
4/13/2017,1.25
4/17/2017,1.24
4/18/2017,1.25
4/19/2017,1.25
4/20/2017,1.25
4/21/2017,1.25
4/24/2017,1.24
4/25/2017,1.23
4/26/2017,1.23
4/27/2017,1.22
4/28/2017,1.22
4/30/2017,1.23
5/1/2017,1.23
5/2/2017,1.22
5/3/2017,1.22
5/4/2017,1.21
5/5/2017,1.21
5/8/2017,1.2
5/9/2017,1.19
5/10/2017,1.19
5/11/2017,1.18
5/12/2017,1.18
5/15/2017,1.17
5/16/2017,1.17
5/17/2017,1.18
5/18/2017,1.19
5/19/2017,1.18
5/22/2017,1.18
5/23/2017,1.17
5/24/2017,1.18
5/25/2017,1.18
5/26/2017,1.18
5/29/2017,1.17
5/30/2017,1.18
5/31/2017,1.19
6/1/2017,1.19
6/2/2017,1.19
6/5/2017,1.19
6/6/2017,1.19
6/7/2017,1.19
6/8/2017,1.19
6/9/2017,1.19
6/12/2017,1.18
6/13/2017,1.18
6/14/2017,1.18
6/15/2017,1.18
6/16/2017,1.18
6/19/2017,1.17
6/20/2017,1.17
6/21/2017,1.17
6/22/2017,1.18
6/23/2017,1.18
6/26/2017,1.17
6/27/2017,1.16
6/28/2017,1.16
6/29/2017,1.15
6/30/2017,1.15
7/3/2017,1.14
7/4/2017,1.14
7/5/2017,1.14
7/6/2017,1.13
7/7/2017,1.12
7/10/2017,1.12
7/11/2017,1.12
7/12/2017,1.12
7/13/2017,1.11
7/14/2017,1.11
7/17/2017,1.1
7/18/2017,1.1
7/19/2017,1.1
7/20/2017,1.1
7/21/2017,1.1
7/24/2017,1.09
7/25/2017,1.08
7/26/2017,1.08
7/27/2017,1.08
7/28/2017,1.08
7/31/2017,1.09
8/1/2017,1.08
8/2/2017,1.08
8/3/2017,1.09
8/4/2017,1.09
8/7/2017,1.1
8/8/2017,1.1
8/9/2017,1.12
8/10/2017,1.14
8/11/2017,1.16
8/14/2017,1.15
8/15/2017,1.14
8/16/2017,1.14
8/17/2017,1.14
8/18/2017,1.15
8/21/2017,1.15
8/22/2017,1.15
8/23/2017,1.15
8/24/2017,1.15
8/25/2017,1.14
8/28/2017,1.14
8/29/2017,1.15
8/30/2017,1.15
8/31/2017,1.16
9/1/2017,1.15
9/4/2017,1.15
9/5/2017,1.16
9/6/2017,1.16
9/7/2017,1.17
9/8/2017,1.17
9/11/2017,1.17
9/12/2017,1.16
9/13/2017,1.15
9/14/2017,1.15
9/15/2017,1.14
9/18/2017,1.13
9/19/2017,1.12
9/20/2017,1.11
9/21/2017,1.11
9/22/2017,1.11
9/25/2017,1.11
9/26/2017,1.1
9/27/2017,1.09
9/28/2017,1.08
9/29/2017,1.06
9/30/2017,1.07
10/2/2017,1.06
10/3/2017,1.05
10/4/2017,1.04
10/5/2017,1.04
10/6/2017,1.04
10/9/2017,1.03
10/10/2017,1.03
10/11/2017,1.03
10/12/2017,1.03
10/13/2017,1.04
10/16/2017,1.03
10/17/2017,1.03
10/18/2017,1.02
10/19/2017,1.02
10/20/2017,1.01
10/23/2017,1.01
10/24/2017,1
10/25/2017,1
10/26/2017,1
10/27/2017,1
10/30/2017,1
10/31/2017,1.01
11/1/2017,1.01
11/2/2017,1.02
11/3/2017,1.02
11/6/2017,1.03
11/7/2017,1.04
11/8/2017,1.04
11/9/2017,1.05
11/10/2017,1.06
11/13/2017,1.05
11/14/2017,1.06
11/15/2017,1.08
11/16/2017,1.07
11/17/2017,1.06
11/20/2017,1.06
11/21/2017,1.05
11/22/2017,1.05
11/23/2017,1.05
11/24/2017,1.04
11/27/2017,1.04
11/28/2017,1.04
11/29/2017,1.03
11/30/2017,1.03
12/1/2017,1.03
12/4/2017,1.02
12/5/2017,1.02
12/6/2017,1.02
12/7/2017,1.02
12/8/2017,1.02
12/11/2017,1.02
12/12/2017,1.01
12/13/2017,1.01
12/14/2017,1.01
12/15/2017,1
12/18/2017,1
12/19/2017,0.99
12/20/2017,0.99
12/21/2017,0.99
12/22/2017,0.99
12/26/2017,0.99
12/27/2017,0.99
12/28/2017,0.98
12/29/2017,0.98
12/31/2017,0.99
1/2/2018,0.98
1/3/2018,0.99
1/4/2018,0.98
1/5/2018,0.98
1/8/2018,0.97
1/9/2018,0.96
1/10/2018,0.95
1/11/2018,0.95
1/12/2018,0.95
1/15/2018,0.94
1/16/2018,0.94
1/17/2018,0.94
1/18/2018,0.94
1/19/2018,0.95
1/22/2018,0.94
1/23/2018,0.94
1/24/2018,0.94
1/25/2018,0.93
1/26/2018,0.92
1/29/2018,0.92
1/30/2018,0.91
1/31/2018,0.91
2/1/2018,0.9
2/2/2018,0.9
2/5/2018,0.91
2/6/2018,0.93
2/7/2018,0.92
2/8/2018,0.93
2/9/2018,0.97
2/12/2018,0.97
2/13/2018,1
2/14/2018,0.99
2/15/2018,0.98
2/16/2018,0.98
2/19/2018,0.98
2/20/2018,0.98
2/21/2018,0.98
2/22/2018,0.99
2/23/2018,1
2/26/2018,1
2/27/2018,1
2/28/2018,1.01
3/1/2018,1.04
3/2/2018,1.05
3/5/2018,1.05
3/6/2018,1.04
3/7/2018,1.05
3/8/2018,1.05
3/9/2018,1.06
3/12/2018,1.07
3/13/2018,1.08
3/14/2018,1.09
3/15/2018,1.1
3/16/2018,1.1
3/19/2018,1.1
3/20/2018,1.11
3/21/2018,1.11
3/22/2018,1.14
3/23/2018,1.15
3/26/2018,1.16
3/27/2018,1.16
3/28/2018,1.16
3/29/2018,1.16
3/31/2018,1.17
4/2/2018,1.17
4/3/2018,1.16
4/4/2018,1.16
4/5/2018,1.14
4/6/2018,1.14
4/9/2018,1.14
4/10/2018,1.13
